disaster_number,state,declaration_type,declaration_date,incident_type,declaration_title,ih_program_declared,ia_program_declared,pa_program_declared,hm_program_declared,incident_begin_date,incident_end_date,fips,designated_area
2862,TX,FM,2011-02-28T03:12:00Z,Fire,Willow Creek South Fire Complex,0,0,1,0,2011-02-27T05:00:00Z,NA,48375,Potter (County)
2863,TX,FM,2011-02-28T03:25:00Z,Fire,Matador Fire,0,0,1,0,2011-02-27T05:00:00Z,NA,48345,Motley (County)
2864,TX,FM,2011-02-28T03:37:00Z,Fire,Tanglewood Fire Complex,0,0,1,0,2011-02-27T05:00:00Z,NA,48381,Randall (County)
2865,TX,FM,2011-02-28T05:55:00Z,Fire,Mitchell Fire Complex,0,0,1,0,2011-02-27T05:00:00Z,NA,48335,Mitchell (County)
2867,TX,FM,2011-03-12T00:32:00Z,Fire,Enmin Fire,0,0,1,0,2011-03-11T05:00:00Z,2011-03-17T04:00:00Z,48237,Jack (County)
2870,TX,FM,2011-03-12T06:19:00Z,Fire,Big Trickle Ranch Fire,0,0,1,0,2011-03-11T05:00:00Z,2011-03-17T04:00:00Z,48035,Bosque (County)
2870,TX,FM,2011-03-12T06:19:00Z,Fire,Big Trickle Ranch Fire,0,0,1,0,2011-03-11T05:00:00Z,2011-03-17T04:00:00Z,48425,Somervell (County)
2881,TX,FM,2011-04-04T02:39:00Z,Fire,Bates Field Fire,0,0,1,0,2011-04-03T04:00:00Z,2011-04-06T04:00:00Z,48329,Midland (County)
2881,TX,FM,2011-04-04T02:39:00Z,Fire,Bates Field Fire,0,0,1,0,2011-04-03T04:00:00Z,2011-04-06T04:00:00Z,48135,Ector (County)
2882,TX,FM,2011-04-05T06:18:00Z,Fire,El Cenizo Fire,0,0,1,0,2011-04-04T04:00:00Z,2011-04-08T04:00:00Z,48479,Webb (County)
1966,WI,DR,2011-04-05T21:00:00Z,Snow,Severe Winter Storm And Snowstorm,0,0,1,0,2011-02-01T02:37:00Z,2011-02-03T05:00:00Z,55131,Washington (County)
1966,WI,DR,2011-04-05T21:00:00Z,Snow,Severe Winter Storm And Snowstorm,0,0,1,1,2011-02-01T02:37:00Z,2011-02-03T05:00:00Z,55101,Racine (County)
1966,WI,DR,2011-04-05T21:00:00Z,Snow,Severe Winter Storm And Snowstorm,0,0,1,1,2011-02-01T02:37:00Z,2011-02-03T05:00:00Z,55043,Grant (County)
1966,WI,DR,2011-04-05T21:00:00Z,Snow,Severe Winter Storm And Snowstorm,0,0,1,1,2011-02-01T02:37:00Z,2011-02-03T05:00:00Z,55025,Dane (County)
1966,WI,DR,2011-04-05T21:00:00Z,Snow,Severe Winter Storm And Snowstorm,0,0,1,1,2011-02-01T02:37:00Z,2011-02-03T05:00:00Z,55079,Milwaukee (County)
1966,WI,DR,2011-04-05T21:00:00Z,Snow,Severe Winter Storm And Snowstorm,0,0,1,1,2011-02-01T02:37:00Z,2011-02-03T05:00:00Z,55065,Lafayette (County)
1966,WI,DR,2011-04-05T21:00:00Z,Snow,Severe Winter Storm And Snowstorm,0,0,1,1,2011-02-01T02:37:00Z,2011-02-03T05:00:00Z,55059,Kenosha (County)
1966,WI,DR,2011-04-05T21:00:00Z,Snow,Severe Winter Storm And Snowstorm,0,0,1,1,2011-02-01T02:37:00Z,2011-02-03T05:00:00Z,55027,Dodge (County)
1966,WI,DR,2011-04-05T21:00:00Z,Snow,Severe Winter Storm And Snowstorm,0,0,1,1,2011-02-01T02:37:00Z,2011-02-03T05:00:00Z,55045,Green (County)
1966,WI,DR,2011-04-05T21:00:00Z,Snow,Severe Winter Storm And Snowstorm,0,0,1,1,2011-02-01T02:37:00Z,2011-02-03T05:00:00Z,55127,Walworth (County)
1966,WI,DR,2011-04-05T21:00:00Z,Snow,Severe Winter Storm And Snowstorm,0,0,1,1,2011-02-01T02:37:00Z,2011-02-03T05:00:00Z,55049,Iowa (County)
2884,TX,FM,2011-04-09T22:00:00Z,Fire,Swenson Fire,0,0,1,0,2011-04-06T04:00:00Z,2011-04-23T04:00:00Z,48275,Knox (County)
2884,TX,FM,2011-04-09T22:00:00Z,Fire,Swenson Fire,0,0,1,0,2011-04-06T04:00:00Z,2011-04-23T04:00:00Z,48269,King (County)
2884,TX,FM,2011-04-09T22:00:00Z,Fire,Swenson Fire,0,0,1,0,2011-04-06T04:00:00Z,2011-04-23T04:00:00Z,48433,Stonewall (County)
2885,TX,FM,2011-04-10T03:12:00Z,Fire,Rockhouse Fire,0,0,1,0,2011-04-09T04:00:00Z,2011-05-15T04:00:00Z,48243,Jeff Davis (County)
2885,TX,FM,2011-04-10T03:12:00Z,Fire,Rockhouse Fire,0,0,1,0,2011-04-09T04:00:00Z,2011-05-15T04:00:00Z,48377,Presidio (County)
2886,TX,FM,2011-04-10T03:14:00Z,Fire,Hickman Fire,0,0,1,0,2011-04-09T04:00:00Z,2011-04-20T04:00:00Z,48329,Midland (County)
2888,TX,FM,2011-04-15T07:02:00Z,Fire,Pk West Fire,0,0,1,0,2011-04-13T04:00:00Z,2011-05-12T04:00:00Z,48363,Palo Pinto (County)
2888,TX,FM,2011-04-15T07:02:00Z,Fire,Pk West Fire,0,0,1,0,2011-04-13T04:00:00Z,2011-05-12T04:00:00Z,48429,Stephens (County)
2888,TX,FM,2011-04-15T07:02:00Z,Fire,Pk West Fire,0,0,1,0,2011-04-13T04:00:00Z,2011-05-12T04:00:00Z,48503,Young (County)
2889,TX,FM,2011-04-15T07:06:00Z,Fire,Cooper Mountain Ranch Fire,0,0,1,0,2011-04-11T04:00:00Z,2011-04-23T04:00:00Z,48433,Stonewall (County)
2889,TX,FM,2011-04-15T07:06:00Z,Fire,Cooper Mountain Ranch Fire,0,0,1,0,2011-04-11T04:00:00Z,2011-04-23T04:00:00Z,48263,Kent (County)
2889,TX,FM,2011-04-15T07:06:00Z,Fire,Cooper Mountain Ranch Fire,0,0,1,0,2011-04-11T04:00:00Z,2011-04-23T04:00:00Z,48151,Fisher (County)
2891,TX,FM,2011-04-16T03:30:00Z,Fire,Wichita Fire Complex,0,0,1,0,2011-04-15T04:00:00Z,2011-04-20T04:00:00Z,48485,Wichita (County)
2892,TX,FM,2011-04-16T03:35:00Z,Fire,Wildcat Fire,0,0,1,0,2011-04-11T04:00:00Z,2011-05-04T04:00:00Z,48451,Tom Green (County)
2892,TX,FM,2011-04-16T03:35:00Z,Fire,Wildcat Fire,0,0,1,0,2011-04-11T04:00:00Z,2011-05-04T04:00:00Z,48081,Coke (County)
2893,TX,FM,2011-04-16T05:25:00Z,Fire,Hohertz Fire,0,0,1,0,2011-04-09T04:00:00Z,2011-05-12T04:00:00Z,48503,Young (County)
2893,TX,FM,2011-04-16T05:25:00Z,Fire,Hohertz Fire,0,0,1,0,2011-04-09T04:00:00Z,2011-05-12T04:00:00Z,48429,Stephens (County)
2893,TX,FM,2011-04-16T05:25:00Z,Fire,Hohertz Fire,0,0,1,0,2011-04-09T04:00:00Z,2011-05-12T04:00:00Z,48363,Palo Pinto (County)
2894,TX,FM,2011-04-16T05:30:00Z,Fire,East Sidwynicks Fire,0,0,1,0,2011-04-15T16:00:00Z,2011-04-18T04:00:00Z,48133,Eastland (County)
2895,TX,FM,2011-04-17T03:40:00Z,Fire,Pk East Fire,0,0,1,0,2011-04-16T04:00:00Z,2011-05-04T04:00:00Z,48503,Young (County)
2895,TX,FM,2011-04-17T03:40:00Z,Fire,Pk East Fire,0,0,1,0,2011-04-16T04:00:00Z,2011-05-04T04:00:00Z,48429,Stephens (County)
2895,TX,FM,2011-04-17T03:40:00Z,Fire,Pk East Fire,0,0,1,0,2011-04-16T04:00:00Z,2011-05-04T04:00:00Z,48363,Palo Pinto (County)
2896,TX,FM,2011-04-17T22:23:00Z,Fire,Bryson Fire Complex,0,0,1,0,2011-04-15T04:00:00Z,2011-04-22T04:00:00Z,48237,Jack (County)
2898,TX,FM,2011-04-18T03:00:00Z,Fire,Pinnacle Fire,0,0,1,0,2011-04-17T04:00:00Z,2011-04-19T04:00:00Z,48453,Travis (County)
1968,CA,DR,2011-04-18T18:00:00Z,Tsunami,Tsunami Waves,0,0,1,1,2011-03-11T09:49:00Z,2011-03-12T04:59:00Z,06053,Monterey (County)
1968,CA,DR,2011-04-18T18:00:00Z,Tsunami,Tsunami Waves,0,0,1,1,2011-03-11T09:49:00Z,2011-03-12T04:59:00Z,06087,Santa Cruz (County)
1968,CA,DR,2011-04-18T18:00:00Z,Tsunami,Tsunami Waves,0,0,1,1,2011-03-11T09:49:00Z,2011-03-12T04:59:00Z,06015,Del Norte (County)
2899,TX,FM,2011-04-21T20:56:00Z,Fire,148/2332 Fire,0,0,1,0,2011-04-14T04:00:00Z,2011-04-17T04:00:00Z,48077,Clay (County)
2901,TX,FM,2011-04-27T04:23:00Z,Fire,Pleasant Farms Fire,0,0,1,0,2011-04-26T04:00:00Z,2011-05-04T04:00:00Z,48135,Ector (County)
2903,TX,FM,2011-04-29T22:05:00Z,Fire,Oasis Pipeline Fire,0,0,1,0,2011-04-26T04:00:00Z,2011-05-14T04:00:00Z,48267,Kimble (County)
2904,TX,FM,2011-04-30T04:35:00Z,Fire,Waggoner Ranch Fire,0,0,1,0,2011-04-29T04:00:00Z,2011-05-01T04:00:00Z,48487,Wilbarger (County)
2905,TX,FM,2011-04-30T04:39:00Z,Fire,Sisk Road Fire,0,0,1,0,2011-04-29T04:00:00Z,2011-05-01T04:00:00Z,48485,Wichita (County)
2905,TX,FM,2011-04-30T04:39:00Z,Fire,Sisk Road Fire,0,0,1,0,2011-04-29T04:00:00Z,2011-05-01T04:00:00Z,48009,Archer (County)
2906,TX,FM,2011-05-09T02:30:00Z,Fire,Gage Holland Fire,0,0,1,0,2011-05-08T04:00:00Z,2011-05-19T04:00:00Z,48043,Brewster (County)
2908,TX,FM,2011-05-10T00:02:00Z,Fire,Matt Loop Fire,0,0,1,0,2011-05-09T04:00:00Z,2011-05-14T04:00:00Z,48227,Howard (County)
2910,TX,FM,2011-05-25T01:50:00Z,Fire,Ceed Fire,0,0,1,0,2011-05-24T04:00:00Z,2011-05-31T04:00:00Z,48329,Midland (County)
2911,TX,FM,2011-05-30T00:03:00Z,Fire,Reimer Fire,0,0,1,0,2011-05-29T04:00:00Z,2011-05-31T04:00:00Z,48233,Hutchinson (County)
2912,TX,FM,2011-05-30T00:08:00Z,Fire,Pitt Road Fire,0,0,1,0,2011-05-29T04:00:00Z,2011-06-01T04:00:00Z,48381,Randall (County)
2913,TX,FM,2011-05-30T01:50:00Z,Fire,Stone Ridge Fire,0,0,1,0,2011-05-29T04:00:00Z,2011-06-01T04:00:00Z,48375,Potter (County)
2914,TX,FM,2011-06-02T20:50:00Z,Fire,Tejano Canyon Fire,0,0,1,0,2011-06-02T04:00:00Z,2011-06-12T04:00:00Z,48243,Jeff Davis (County)
2916,TX,FM,2011-06-04T02:05:00Z,Fire,Snyder Fire,0,0,1,0,2011-06-03T04:00:00Z,2011-06-11T04:00:00Z,48417,Shackelford (County)
2922,TX,FM,2011-06-16T23:00:00Z,Fire,Grand Mesa Fire,0,0,1,0,2011-06-16T04:00:00Z,2011-06-19T04:00:00Z,48453,Travis (County)
2922,TX,FM,2011-06-16T23:00:00Z,Fire,Grand Mesa Fire,0,0,1,0,2011-06-16T04:00:00Z,2011-06-19T04:00:00Z,48491,Williamson (County)
2924,TX,FM,2011-06-18T00:04:00Z,Fire,Forest Brook Fire,0,0,1,0,2011-06-17T04:00:00Z,2011-06-20T04:00:00Z,48201,Harris (County)
2925,TX,FM,2011-06-19T03:44:00Z,Fire,County Line Fire,0,0,1,0,2011-06-18T04:00:00Z,2011-06-20T04:00:00Z,48139,Ellis (County)
2926,TX,FM,2011-06-19T03:50:00Z,Fire,Powerline Fire,0,0,1,0,2011-06-18T04:00:00Z,2011-06-26T04:00:00Z,48241,Jasper (County)
2927,TX,FM,2011-06-20T05:00:00Z,Fire,Dyer Mill Fire,0,0,1,0,2011-06-19T04:00:00Z,2011-07-06T04:00:00Z,48185,Grimes (County)
2928,TX,FM,2011-06-20T05:04:00Z,Fire,Mcdonald 2 Fire,0,0,1,0,2011-06-19T04:00:00Z,2011-06-30T04:00:00Z,48077,Clay (County)
2929,TX,FM,2011-06-20T05:08:00Z,Fire,Cowboy Church Fire,0,0,1,0,2011-06-19T04:00:00Z,2011-06-25T04:00:00Z,48471,Walker (County)
2930,TX,FM,2011-06-21T04:47:00Z,Fire,Boyken Road Fire,0,0,1,0,2011-06-20T04:00:00Z,2011-06-28T04:00:00Z,48227,Howard (County)
2931,TX,FM,2011-06-21T04:53:00Z,Fire,White Hat Fire,0,0,1,0,2011-06-20T04:00:00Z,2011-07-01T04:00:00Z,48353,Nolan (County)
1999,TX,DR,2011-07-01T17:30:00Z,Fire,Wildfires,0,0,1,1,2011-04-06T04:00:00Z,2011-08-29T04:00:00Z,48287,Lee (County)
1999,TX,DR,2011-07-01T17:30:00Z,Fire,Wildfires,0,0,1,1,2011-04-06T04:00:00Z,2011-08-29T04:00:00Z,48375,Potter (County)
1999,TX,DR,2011-07-01T17:30:00Z,Fire,Wildfires,0,0,1,1,2011-04-06T04:00:00Z,2011-08-29T04:00:00Z,48163,Frio (County)
1999,TX,DR,2011-07-01T17:30:00Z,Fire,Wildfires,0,0,1,1,2011-04-06T04:00:00Z,2011-08-29T04:00:00Z,48429,Stephens (County)
1999,TX,DR,2011-07-01T17:30:00Z,Fire,Wildfires,0,0,1,1,2011-04-06T04:00:00Z,2011-08-29T04:00:00Z,48329,Midland (County)
1999,TX,DR,2011-07-01T17:30:00Z,Fire,Wildfires,0,0,1,1,2011-04-06T04:00:00Z,2011-08-29T04:00:00Z,48351,Newton (County)
1999,TX,DR,2011-07-01T17:30:00Z,Fire,Wildfires,0,0,1,1,2011-04-06T04:00:00Z,2011-08-29T04:00:00Z,48133,Eastland (County)
1999,TX,DR,2011-07-01T17:30:00Z,Fire,Wildfires,0,0,1,1,2011-04-06T04:00:00Z,2011-08-29T04:00:00Z,48267,Kimble (County)
1999,TX,DR,2011-07-01T17:30:00Z,Fire,Wildfires,0,0,1,1,2011-04-06T04:00:00Z,2011-08-29T04:00:00Z,48305,Lynn (County)
1999,TX,DR,2011-07-01T17:30:00Z,Fire,Wildfires,0,0,1,1,2011-04-06T04:00:00Z,2011-08-29T04:00:00Z,48415,Scurry (County)
1999,TX,DR,2011-07-01T17:30:00Z,Fire,Wildfires,0,0,1,1,2011-04-06T04:00:00Z,2011-08-29T04:00:00Z,48377,Presidio (County)
1999,TX,DR,2011-07-01T17:30:00Z,Fire,Wildfires,0,0,1,1,2011-04-06T04:00:00Z,2011-08-29T04:00:00Z,48225,Houston (County)
1999,TX,DR,2011-07-01T17:30:00Z,Fire,Wildfires,0,0,1,1,2011-04-06T04:00:00Z,2011-08-29T04:00:00Z,48343,Morris (County)
1999,TX,DR,2011-07-01T17:30:00Z,Fire,Wildfires,0,0,1,1,2011-04-06T04:00:00Z,2011-08-29T04:00:00Z,48199,Hardin (County)
1999,TX,DR,2011-07-01T17:30:00Z,Fire,Wildfires,0,0,1,1,2011-04-06T04:00:00Z,2011-08-29T04:00:00Z,48031,Blanco (County)
1999,TX,DR,2011-07-01T17:30:00Z,Fire,Wildfires,0,0,1,1,2011-04-06T04:00:00Z,2011-08-29T04:00:00Z,48227,Howard (County)
1999,TX,DR,2011-07-01T17:30:00Z,Fire,Wildfires,0,0,1,1,2011-04-06T04:00:00Z,2011-08-29T04:00:00Z,48047,Brooks (County)
1999,TX,DR,2011-07-01T17:30:00Z,Fire,Wildfires,0,0,1,1,2011-04-06T04:00:00Z,2011-08-29T04:00:00Z,48205,Hartley (County)
1999,TX,DR,2011-07-01T17:30:00Z,Fire,Wildfires,0,0,1,1,2011-04-06T04:00:00Z,2011-08-29T04:00:00Z,48075,Childress (County)
1999,TX,DR,2011-07-01T17:30:00Z,Fire,Wildfires,0,0,1,1,2011-04-06T04:00:00Z,2011-08-29T04:00:00Z,48129,Donley (County)
1999,TX,DR,2011-07-01T17:30:00Z,Fire,Wildfires,0,0,1,1,2011-04-06T04:00:00Z,2011-08-29T04:00:00Z,48433,Stonewall (County)
1999,TX,DR,2011-07-01T17:30:00Z,Fire,Wildfires,0,0,1,1,2011-04-06T04:00:00Z,2011-08-29T04:00:00Z,48079,Cochran (County)
1999,TX,DR,2011-07-01T17:30:00Z,Fire,Wildfires,0,0,1,1,2011-04-06T04:00:00Z,2011-08-29T04:00:00Z,48115,Dawson (County)
1999,TX,DR,2011-07-01T17:30:00Z,Fire,Wildfires,0,0,1,1,2011-04-06T04:00:00Z,2011-08-29T04:00:00Z,48243,Jeff Davis (County)
1999,TX,DR,2011-07-01T17:30:00Z,Fire,Wildfires,0,0,1,1,2011-04-06T04:00:00Z,2011-08-29T04:00:00Z,48131,Duval (County)
1999,TX,DR,2011-07-01T17:30:00Z,Fire,Wildfires,0,0,1,1,2011-04-06T04:00:00Z,2011-08-29T04:00:00Z,48103,Crane (County)
1999,TX,DR,2011-07-01T17:30:00Z,Fire,Wildfires,0,0,1,1,2011-04-06T04:00:00Z,2011-08-29T04:00:00Z,48455,Trinity (County)
1999,TX,DR,2011-07-01T17:30:00Z,Fire,Wildfires,0,0,1,1,2011-04-06T04:00:00Z,2011-08-29T04:00:00Z,48357,Ochiltree (County)
1999,TX,DR,2011-07-01T17:30:00Z,Fire,Wildfires,0,0,1,1,2011-04-06T04:00:00Z,2011-08-29T04:00:00Z,48099,Coryell (County)
1999,TX,DR,2011-07-01T17:30:00Z,Fire,Wildfires,0,0,1,1,2011-04-06T04:00:00Z,2011-08-29T04:00:00Z,48211,Hemphill (County)
1999,TX,DR,2011-07-01T17:30:00Z,Fire,Wildfires,0,0,1,1,2011-04-06T04:00:00Z,2011-08-29T04:00:00Z,48235,Irion (County)
1999,TX,DR,2011-07-01T17:30:00Z,Fire,Wildfires,0,0,1,1,2011-04-06T04:00:00Z,2011-08-29T04:00:00Z,48237,Jack (County)
1999,TX,DR,2011-07-01T17:30:00Z,Fire,Wildfires,0,0,1,1,2011-04-06T04:00:00Z,2011-08-29T04:00:00Z,48173,Glasscock (County)
1999,TX,DR,2011-07-01T17:30:00Z,Fire,Wildfires,0,0,1,1,2011-04-06T04:00:00Z,2011-08-29T04:00:00Z,48263,Kent (County)
1999,TX,DR,2011-07-01T17:30:00Z,Fire,Wildfires,0,0,1,1,2011-04-06T04:00:00Z,2011-08-29T04:00:00Z,48159,Franklin (County)
1999,TX,DR,2011-07-01T17:30:00Z,Fire,Wildfires,0,0,1,1,2011-04-06T04:00:00Z,2011-08-29T04:00:00Z,48107,Crosby (County)
1999,TX,DR,2011-07-01T17:30:00Z,Fire,Wildfires,0,0,1,1,2011-04-06T04:00:00Z,2011-08-29T04:00:00Z,48023,Baylor (County)
1999,TX,DR,2011-07-01T17:30:00Z,Fire,Wildfires,0,0,1,1,2011-04-06T04:00:00Z,2011-08-29T04:00:00Z,48405,San Augustine (County)
1999,TX,DR,2011-07-01T17:30:00Z,Fire,Wildfires,0,0,1,1,2011-04-06T04:00:00Z,2011-08-29T04:00:00Z,48483,Wheeler (County)
1999,TX,DR,2011-07-01T17:30:00Z,Fire,Wildfires,0,0,1,1,2011-04-06T04:00:00Z,2011-08-29T04:00:00Z,48065,Carson (County)
1999,TX,DR,2011-07-01T17:30:00Z,Fire,Wildfires,0,0,1,1,2011-04-06T04:00:00Z,2011-08-29T04:00:00Z,48083,Coleman (County)
1999,TX,DR,2011-07-01T17:30:00Z,Fire,Wildfires,0,0,1,1,2011-04-06T04:00:00Z,2011-08-29T04:00:00Z,48335,Mitchell (County)
1999,TX,DR,2011-07-01T17:30:00Z,Fire,Wildfires,0,0,1,1,2011-04-06T04:00:00Z,2011-08-29T04:00:00Z,48125,Dickens (County)
1999,TX,DR,2011-07-01T17:30:00Z,Fire,Wildfires,0,0,1,1,2011-04-06T04:00:00Z,2011-08-29T04:00:00Z,48151,Fisher (County)
1999,TX,DR,2011-07-01T17:30:00Z,Fire,Wildfires,0,0,1,1,2011-04-06T04:00:00Z,2011-08-29T04:00:00Z,48435,Sutton (County)
1999,TX,DR,2011-07-01T17:30:00Z,Fire,Wildfires,0,0,1,1,2011-04-06T04:00:00Z,2011-08-29T04:00:00Z,48155,Foard (County)
1999,TX,DR,2011-07-01T17:30:00Z,Fire,Wildfires,0,0,1,1,2011-04-06T04:00:00Z,2011-08-29T04:00:00Z,48503,Young (County)
1999,TX,DR,2011-07-01T17:30:00Z,Fire,Wildfires,0,0,1,1,2011-04-06T04:00:00Z,2011-08-29T04:00:00Z,48195,Hansford (County)
1999,TX,DR,2011-07-01T17:30:00Z,Fire,Wildfires,0,0,1,1,2011-04-06T04:00:00Z,2011-08-29T04:00:00Z,48471,Walker (County)
1999,TX,DR,2011-07-01T17:30:00Z,Fire,Wildfires,0,0,1,1,2011-04-06T04:00:00Z,2011-08-29T04:00:00Z,48337,Montague (County)
1999,TX,DR,2011-07-01T17:30:00Z,Fire,Wildfires,0,0,1,1,2011-04-06T04:00:00Z,2011-08-29T04:00:00Z,48053,Burnet (County)
1999,TX,DR,2011-07-01T17:30:00Z,Fire,Wildfires,0,0,1,1,2011-04-06T04:00:00Z,2011-08-29T04:00:00Z,48465,Val Verde (County)
1999,TX,DR,2011-07-01T17:30:00Z,Fire,Wildfires,0,0,1,1,2011-04-06T04:00:00Z,2011-08-29T04:00:00Z,48289,Leon (County)
1999,TX,DR,2011-07-01T17:30:00Z,Fire,Wildfires,0,0,1,1,2011-04-06T04:00:00Z,2011-08-29T04:00:00Z,48387,Red River (County)
1999,TX,DR,2011-07-01T17:30:00Z,Fire,Wildfires,0,0,1,1,2011-04-06T04:00:00Z,2011-08-29T04:00:00Z,48451,Tom Green (County)
1999,TX,DR,2011-07-01T17:30:00Z,Fire,Wildfires,0,0,1,1,2011-04-06T04:00:00Z,2011-08-29T04:00:00Z,48333,Mills (County)
1999,TX,DR,2011-07-01T17:30:00Z,Fire,Wildfires,0,0,1,1,2011-04-06T04:00:00Z,2011-08-29T04:00:00Z,48437,Swisher (County)
1999,TX,DR,2011-07-01T17:30:00Z,Fire,Wildfires,0,0,1,1,2011-04-06T04:00:00Z,2011-08-29T04:00:00Z,48345,Motley (County)
1999,TX,DR,2011-07-01T17:30:00Z,Fire,Wildfires,0,0,1,1,2011-04-06T04:00:00Z,2011-08-29T04:00:00Z,48417,Shackelford (County)
1999,TX,DR,2011-07-01T17:30:00Z,Fire,Wildfires,0,0,1,1,2011-04-06T04:00:00Z,2011-08-29T04:00:00Z,48297,Live Oak (County)
1999,TX,DR,2011-07-01T17:30:00Z,Fire,Wildfires,0,0,1,1,2011-04-06T04:00:00Z,2011-08-29T04:00:00Z,48381,Randall (County)
1999,TX,DR,2011-07-01T17:30:00Z,Fire,Wildfires,0,0,1,1,2011-04-06T04:00:00Z,2011-08-29T04:00:00Z,48177,Gonzales (County)
1999,TX,DR,2011-07-01T17:30:00Z,Fire,Wildfires,0,0,1,1,2011-04-06T04:00:00Z,2011-08-29T04:00:00Z,48341,Moore (County)
1999,TX,DR,2011-07-01T17:30:00Z,Fire,Wildfires,0,0,1,1,2011-04-06T04:00:00Z,2011-08-29T04:00:00Z,48101,Cottle (County)
1999,TX,DR,2011-07-01T17:30:00Z,Fire,Wildfires,0,0,1,1,2011-04-06T04:00:00Z,2011-08-29T04:00:00Z,48077,Clay (County)
1999,TX,DR,2011-07-01T17:30:00Z,Fire,Wildfires,0,0,1,1,2011-04-06T04:00:00Z,2011-08-29T04:00:00Z,48067,Cass (County)
1999,TX,DR,2011-07-01T17:30:00Z,Fire,Wildfires,0,0,1,1,2011-04-06T04:00:00Z,2011-08-29T04:00:00Z,48279,Lamb (County)
1999,TX,DR,2011-07-01T17:30:00Z,Fire,Wildfires,0,0,1,1,2011-04-06T04:00:00Z,2011-08-29T04:00:00Z,48457,Tyler (County)
1999,TX,DR,2011-07-01T17:30:00Z,Fire,Wildfires,0,0,1,1,2011-04-06T04:00:00Z,2011-08-29T04:00:00Z,48169,Garza (County)
1999,TX,DR,2011-07-01T17:30:00Z,Fire,Wildfires,0,0,1,1,2011-04-06T04:00:00Z,2011-08-29T04:00:00Z,48447,Throckmorton (County)
1999,TX,DR,2011-07-01T17:30:00Z,Fire,Wildfires,0,0,1,1,2011-04-06T04:00:00Z,2011-08-29T04:00:00Z,48207,Haskell (County)
1999,TX,DR,2011-07-01T17:30:00Z,Fire,Wildfires,0,0,1,1,2011-04-06T04:00:00Z,2011-08-29T04:00:00Z,48009,Archer (County)
1999,TX,DR,2011-07-01T17:30:00Z,Fire,Wildfires,0,0,1,1,2011-04-06T04:00:00Z,2011-08-29T04:00:00Z,48431,Sterling (County)
1999,TX,DR,2011-07-01T17:30:00Z,Fire,Wildfires,0,0,1,1,2011-04-06T04:00:00Z,2011-08-29T04:00:00Z,48253,Jones (County)
1999,TX,DR,2011-07-01T17:30:00Z,Fire,Wildfires,0,0,1,1,2011-04-06T04:00:00Z,2011-08-29T04:00:00Z,48363,Palo Pinto (County)
1999,TX,DR,2011-07-01T17:30:00Z,Fire,Wildfires,0,0,1,1,2011-04-06T04:00:00Z,2011-08-29T04:00:00Z,48359,Oldham (County)
1999,TX,DR,2011-07-01T17:30:00Z,Fire,Wildfires,0,0,1,1,2011-04-06T04:00:00Z,2011-08-29T04:00:00Z,48247,Jim Hogg (County)
1999,TX,DR,2011-07-01T17:30:00Z,Fire,Wildfires,0,0,1,1,2011-04-06T04:00:00Z,2011-08-29T04:00:00Z,48197,Hardeman (County)
1999,TX,DR,2011-07-01T17:30:00Z,Fire,Wildfires,0,0,1,1,2011-04-06T04:00:00Z,2011-08-29T04:00:00Z,48045,Briscoe (County)
1999,TX,DR,2011-07-01T17:30:00Z,Fire,Wildfires,0,0,1,1,2011-04-06T04:00:00Z,2011-08-29T04:00:00Z,48095,Concho (County)
1999,TX,DR,2011-07-01T17:30:00Z,Fire,Wildfires,0,0,1,1,2011-04-06T04:00:00Z,2011-08-29T04:00:00Z,48425,Somervell (County)
1999,TX,DR,2011-07-01T17:30:00Z,Fire,Wildfires,0,0,1,1,2011-04-06T04:00:00Z,2011-08-29T04:00:00Z,48219,Hockley (County)
1999,TX,DR,2011-07-01T17:30:00Z,Fire,Wildfires,0,0,1,1,2011-04-06T04:00:00Z,2011-08-29T04:00:00Z,48485,Wichita (County)
1999,TX,DR,2011-07-01T17:30:00Z,Fire,Wildfires,0,0,1,1,2011-04-06T04:00:00Z,2011-08-29T04:00:00Z,48049,Brown (County)
1999,TX,DR,2011-07-01T17:30:00Z,Fire,Wildfires,0,0,1,1,2011-04-06T04:00:00Z,2011-08-29T04:00:00Z,48365,Panola (County)
1999,TX,DR,2011-07-01T17:30:00Z,Fire,Wildfires,0,0,1,1,2011-04-06T04:00:00Z,2011-08-29T04:00:00Z,48393,Roberts (County)
1999,TX,DR,2011-07-01T17:30:00Z,Fire,Wildfires,0,0,1,1,2011-04-06T04:00:00Z,2011-08-29T04:00:00Z,48081,Coke (County)
1999,TX,DR,2011-07-01T17:30:00Z,Fire,Wildfires,0,0,1,1,2011-04-06T04:00:00Z,2011-08-29T04:00:00Z,48001,Anderson (County)
1999,TX,DR,2011-07-01T17:30:00Z,Fire,Wildfires,0,0,1,1,2011-04-06T04:00:00Z,2011-08-29T04:00:00Z,48495,Winkler (County)
1999,TX,DR,2011-07-01T17:30:00Z,Fire,Wildfires,0,0,1,1,2011-04-06T04:00:00Z,2011-08-29T04:00:00Z,48281,Lampasas (County)
1999,TX,DR,2011-07-01T17:30:00Z,Fire,Wildfires,0,0,1,1,2011-04-06T04:00:00Z,2011-08-29T04:00:00Z,48353,Nolan (County)
1999,TX,DR,2011-07-01T17:30:00Z,Fire,Wildfires,0,0,1,1,2011-04-06T04:00:00Z,2011-08-29T04:00:00Z,48315,Marion (County)
1999,TX,DR,2011-07-01T17:30:00Z,Fire,Wildfires,0,0,1,1,2011-04-06T04:00:00Z,2011-08-29T04:00:00Z,48269,King (County)
1999,TX,DR,2011-07-01T17:30:00Z,Fire,Wildfires,0,0,1,1,2011-04-06T04:00:00Z,2011-08-29T04:00:00Z,48069,Castro (County)
1999,TX,DR,2011-07-01T17:30:00Z,Fire,Wildfires,0,0,1,1,2011-04-06T04:00:00Z,2011-08-29T04:00:00Z,48143,Erath (County)
1999,TX,DR,2011-07-01T17:30:00Z,Fire,Wildfires,0,0,1,1,2011-04-06T04:00:00Z,2011-08-29T04:00:00Z,48003,Andrews (County)
1999,TX,DR,2011-07-01T17:30:00Z,Fire,Wildfires,0,0,1,1,2011-04-06T04:00:00Z,2011-08-29T04:00:00Z,48445,Terry (County)
1999,TX,DR,2011-07-01T17:30:00Z,Fire,Wildfires,0,0,1,1,2011-04-06T04:00:00Z,2011-08-29T04:00:00Z,48241,Jasper (County)
1999,TX,DR,2011-07-01T17:30:00Z,Fire,Wildfires,0,0,1,1,2011-04-06T04:00:00Z,2011-08-29T04:00:00Z,48117,Deaf Smith (County)
1999,TX,DR,2011-07-01T17:30:00Z,Fire,Wildfires,0,0,1,1,2011-04-06T04:00:00Z,2011-08-29T04:00:00Z,48011,Armstrong (County)
1999,TX,DR,2011-07-01T17:30:00Z,Fire,Wildfires,0,0,1,1,2011-04-06T04:00:00Z,2011-08-29T04:00:00Z,48233,Hutchinson (County)
1999,TX,DR,2011-07-01T17:30:00Z,Fire,Wildfires,0,0,1,1,2011-04-06T04:00:00Z,2011-08-29T04:00:00Z,48277,Lamar (County)
1999,TX,DR,2011-07-01T17:30:00Z,Fire,Wildfires,0,0,1,1,2011-04-06T04:00:00Z,2011-08-29T04:00:00Z,48487,Wilbarger (County)
1999,TX,DR,2011-07-01T17:30:00Z,Fire,Wildfires,0,0,1,1,2011-04-06T04:00:00Z,2011-08-29T04:00:00Z,48443,Terrell (County)
1999,TX,DR,2011-07-01T17:30:00Z,Fire,Wildfires,0,0,1,1,2011-04-06T04:00:00Z,2011-08-29T04:00:00Z,48461,Upton (County)
1999,TX,DR,2011-07-01T17:30:00Z,Fire,Wildfires,0,0,1,1,2011-04-06T04:00:00Z,2011-08-29T04:00:00Z,48105,Crockett (County)
1999,TX,DR,2011-07-01T17:30:00Z,Fire,Wildfires,0,0,1,1,2011-04-06T04:00:00Z,2011-08-29T04:00:00Z,48319,Mason (County)
1999,TX,DR,2011-07-01T17:30:00Z,Fire,Wildfires,0,0,1,1,2011-04-06T04:00:00Z,2011-08-29T04:00:00Z,48021,Bastrop (County)
1999,TX,DR,2011-07-01T17:30:00Z,Fire,Wildfires,0,0,1,1,2011-04-06T04:00:00Z,2011-08-29T04:00:00Z,48327,Menard (County)
1999,TX,DR,2011-07-01T17:30:00Z,Fire,Wildfires,0,0,1,1,2011-04-06T04:00:00Z,2011-08-29T04:00:00Z,48401,Rusk (County)
1999,TX,DR,2011-07-01T17:30:00Z,Fire,Wildfires,0,0,1,1,2011-04-06T04:00:00Z,2011-08-29T04:00:00Z,48109,Culberson (County)
1999,TX,DR,2011-07-01T17:30:00Z,Fire,Wildfires,0,0,1,1,2011-04-06T04:00:00Z,2011-08-29T04:00:00Z,48043,Brewster (County)
1999,TX,DR,2011-07-01T17:30:00Z,Fire,Wildfires,0,0,1,1,2011-04-06T04:00:00Z,2011-08-29T04:00:00Z,48059,Callahan (County)
1999,TX,DR,2011-07-01T17:30:00Z,Fire,Wildfires,0,0,1,1,2011-04-06T04:00:00Z,2011-08-29T04:00:00Z,48371,Pecos (County)
1999,TX,DR,2011-07-01T17:30:00Z,Fire,Wildfires,0,0,1,1,2011-04-06T04:00:00Z,2011-08-29T04:00:00Z,48203,Harrison (County)
1999,TX,DR,2011-07-01T17:30:00Z,Fire,Wildfires,0,0,1,1,2011-04-06T04:00:00Z,2011-08-29T04:00:00Z,48403,Sabine (County)
1999,TX,DR,2011-07-01T17:30:00Z,Fire,Wildfires,0,0,1,1,2011-04-06T04:00:00Z,2011-08-29T04:00:00Z,48017,Bailey (County)
1999,TX,DR,2011-07-01T17:30:00Z,Fire,Wildfires,0,0,1,1,2011-04-06T04:00:00Z,2011-08-29T04:00:00Z,48411,San Saba (County)
1999,TX,DR,2011-07-01T17:30:00Z,Fire,Wildfires,0,0,1,1,2011-04-06T04:00:00Z,2011-08-29T04:00:00Z,48383,Reagan (County)
1999,TX,DR,2011-07-01T17:30:00Z,Fire,Wildfires,0,0,1,1,2011-04-06T04:00:00Z,2011-08-29T04:00:00Z,48275,Knox (County)
1999,TX,DR,2011-07-01T17:30:00Z,Fire,Wildfires,0,0,1,1,2011-04-06T04:00:00Z,2011-08-29T04:00:00Z,48317,Martin (County)
1999,TX,DR,2011-07-01T17:30:00Z,Fire,Wildfires,0,0,1,1,2011-04-06T04:00:00Z,2011-08-29T04:00:00Z,48191,Hall (County)
2937,TX,FM,2011-07-12T02:50:00Z,Fire,Nolan County Fire Complex,0,0,1,0,2011-07-11T04:00:00Z,2011-07-20T04:00:00Z,48353,Nolan (County)
2949,TX,FM,2011-08-16T01:27:00Z,Fire,Horseshoe Fire,0,0,1,0,2011-08-15T04:00:00Z,NA,48491,Williamson (County)
2952,TX,FM,2011-08-31T01:55:00Z,Fire,101 Ranch Fire,0,0,1,0,2011-08-30T04:00:00Z,2011-10-01T04:00:00Z,48363,Palo Pinto (County)
2955,CA,FM,2011-09-03T02:53:00Z,Fire,Hill Fire,0,0,1,0,2011-09-02T20:30:00Z,2011-09-06T01:00:00Z,06071,San Bernardino (County)
2957,TX,FM,2011-09-04T22:37:00Z,Fire,Hodde Fire,0,0,1,0,2011-09-04T04:00:00Z,NA,48453,Travis (County)
2958,TX,FM,2011-09-05T01:03:00Z,Fire,Bastrop County Fire Complex,0,0,1,0,2011-09-04T04:00:00Z,2011-10-11T04:00:00Z,48021,Bastrop (County)
2959,TX,FM,2011-09-05T10:33:00Z,Fire,Pedernales Bend Fire,0,0,1,0,2011-09-04T04:00:00Z,2011-09-13T03:59:00Z,48453,Travis (County)
2960,TX,FM,2011-09-05T10:35:00Z,Fire,Steiner Ranch Fire,0,0,1,0,2011-09-04T04:00:00Z,2011-09-10T03:59:00Z,48453,Travis (County)
2961,CA,FM,2011-09-05T21:04:00Z,Fire,Canyon Fire,0,0,1,0,2011-09-04T20:18:30Z,2011-09-12T03:59:00Z,06029,Kern (County)
2962,TX,FM,2011-09-06T04:03:00Z,Fire,Tamina Fire,0,0,1,0,2011-09-05T04:00:00Z,2011-09-09T03:59:00Z,48339,Montgomery (County)
2963,TX,FM,2011-09-06T04:05:00Z,Fire,Moonglow Fire,0,0,1,0,2011-09-05T04:00:00Z,NA,48491,Williamson (County)
2964,TX,FM,2011-09-06T04:06:00Z,Fire,Riley Road Fire,0,0,1,0,2011-09-05T04:00:00Z,2011-10-02T04:00:00Z,48185,Grimes (County)
2964,TX,FM,2011-09-06T04:06:00Z,Fire,Riley Road Fire,0,0,1,0,2011-09-05T04:00:00Z,2011-10-02T04:00:00Z,48473,Waller (County)
2964,TX,FM,2011-09-06T04:06:00Z,Fire,Riley Road Fire,0,0,1,0,2011-09-05T04:00:00Z,2011-10-02T04:00:00Z,48339,Montgomery (County)
2965,TX,FM,2011-09-06T23:22:00Z,Fire,Bear Creek Fire,0,0,1,0,2011-09-04T04:00:00Z,2011-10-24T04:00:00Z,48067,Cass (County)
2965,TX,FM,2011-09-06T23:22:00Z,Fire,Bear Creek Fire,0,0,1,0,2011-09-04T04:00:00Z,2011-10-24T04:00:00Z,48315,Marion (County)
2967,TX,FM,2011-09-09T00:25:00Z,Fire,Big Oak Fire,0,0,1,0,2011-09-08T04:00:00Z,NA,48029,Bexar (County)
2968,TX,FM,2011-09-10T01:39:00Z,Fire,Pat Gross Fire,0,0,1,0,2011-09-09T04:00:00Z,NA,48029,Bexar (County)
4029,TX,DR,2011-09-10T02:15:00Z,Fire,Wildfires,0,0,1,1,2011-08-30T04:00:00Z,2011-12-31T05:00:00Z,48293,Limestone (County)
4029,TX,DR,2011-09-10T02:15:00Z,Fire,Wildfires,0,0,1,1,2011-08-30T04:00:00Z,2011-12-31T05:00:00Z,48321,Matagorda (County)
4029,TX,DR,2011-09-10T02:15:00Z,Fire,Wildfires,0,0,1,1,2011-08-30T04:00:00Z,2011-12-31T05:00:00Z,48449,Titus (County)
4029,TX,DR,2011-09-10T02:15:00Z,Fire,Wildfires,0,0,1,1,2011-08-30T04:00:00Z,2011-12-31T05:00:00Z,48371,Pecos (County)
4029,TX,DR,2011-09-10T02:15:00Z,Fire,Wildfires,0,0,1,0,2011-08-30T04:00:00Z,2011-12-31T05:00:00Z,48045,Briscoe (County)
4029,TX,DR,2011-09-10T02:15:00Z,Fire,Wildfires,0,0,1,1,2011-08-30T04:00:00Z,2011-12-31T05:00:00Z,48389,Reeves (County)
4029,TX,DR,2011-09-10T02:15:00Z,Fire,Wildfires,0,0,1,1,2011-08-30T04:00:00Z,2011-12-31T05:00:00Z,48373,Polk (County)
4029,TX,DR,2011-09-10T02:15:00Z,Fire,Wildfires,1,0,0,1,2011-08-30T04:00:00Z,2011-12-31T05:00:00Z,48339,Montgomery (County)
4029,TX,DR,2011-09-10T02:15:00Z,Fire,Wildfires,0,0,1,1,2011-08-30T04:00:00Z,2011-12-31T05:00:00Z,48155,Foard (County)
4029,TX,DR,2011-09-10T02:15:00Z,Fire,Wildfires,0,0,1,0,2011-08-30T04:00:00Z,2011-12-31T05:00:00Z,48227,Howard (County)
4029,TX,DR,2011-09-10T02:15:00Z,Fire,Wildfires,0,0,1,0,2011-08-30T04:00:00Z,2011-12-31T05:00:00Z,48137,Edwards (County)
4029,TX,DR,2011-09-10T02:15:00Z,Fire,Wildfires,1,0,0,1,2011-08-30T04:00:00Z,2011-12-31T05:00:00Z,48473,Waller (County)
4029,TX,DR,2011-09-10T02:15:00Z,Fire,Wildfires,0,0,1,1,2011-08-30T04:00:00Z,2011-12-31T05:00:00Z,48073,Cherokee (County)
4029,TX,DR,2011-09-10T02:15:00Z,Fire,Wildfires,0,0,1,1,2011-08-30T04:00:00Z,2011-12-31T05:00:00Z,48365,Panola (County)
4029,TX,DR,2011-09-10T02:15:00Z,Fire,Wildfires,0,0,1,1,2011-08-30T04:00:00Z,2011-12-31T05:00:00Z,48307,McCulloch (County)
4029,TX,DR,2011-09-10T02:15:00Z,Fire,Wildfires,0,0,1,0,2011-08-30T04:00:00Z,2011-12-31T05:00:00Z,48077,Clay (County)
4029,TX,DR,2011-09-10T02:15:00Z,Fire,Wildfires,0,0,1,0,2011-08-30T04:00:00Z,2011-12-31T05:00:00Z,48099,Coryell (County)
4029,TX,DR,2011-09-10T02:15:00Z,Fire,Wildfires,0,0,1,1,2011-08-30T04:00:00Z,2011-12-31T05:00:00Z,48343,Morris (County)
4029,TX,DR,2011-09-10T02:15:00Z,Fire,Wildfires,0,0,1,1,2011-08-30T04:00:00Z,2011-12-31T05:00:00Z,48245,Jefferson (County)
4029,TX,DR,2011-09-10T02:15:00Z,Fire,Wildfires,0,0,1,0,2011-08-30T04:00:00Z,2011-12-31T05:00:00Z,48191,Hall (County)
4029,TX,DR,2011-09-10T02:15:00Z,Fire,Wildfires,0,0,1,1,2011-08-30T04:00:00Z,2011-12-31T05:00:00Z,48105,Crockett (County)
4029,TX,DR,2011-09-10T02:15:00Z,Fire,Wildfires,0,0,1,1,2011-08-30T04:00:00Z,2011-12-31T05:00:00Z,48159,Franklin (County)
4029,TX,DR,2011-09-10T02:15:00Z,Fire,Wildfires,0,0,1,0,2011-08-30T04:00:00Z,2011-12-31T05:00:00Z,48337,Montague (County)
4029,TX,DR,2011-09-10T02:15:00Z,Fire,Wildfires,0,0,1,1,2011-08-30T04:00:00Z,2011-12-31T05:00:00Z,48037,Bowie (County)
4029,TX,DR,2011-09-10T02:15:00Z,Fire,Wildfires,0,0,1,1,2011-08-30T04:00:00Z,2011-12-31T05:00:00Z,48361,Orange (County)
4029,TX,DR,2011-09-10T02:15:00Z,Fire,Wildfires,0,0,1,1,2011-08-30T04:00:00Z,2011-12-31T05:00:00Z,48259,Kendall (County)
4029,TX,DR,2011-09-10T02:15:00Z,Fire,Wildfires,0,0,1,1,2011-08-30T04:00:00Z,2011-12-31T05:00:00Z,48063,Camp (County)
4029,TX,DR,2011-09-10T02:15:00Z,Fire,Wildfires,0,0,1,1,2011-08-30T04:00:00Z,2011-12-31T05:00:00Z,48457,Tyler (County)
4029,TX,DR,2011-09-10T02:15:00Z,Fire,Wildfires,0,0,1,1,2011-08-30T04:00:00Z,2011-12-31T05:00:00Z,48287,Lee (County)
4029,TX,DR,2011-09-10T02:15:00Z,Fire,Wildfires,0,0,1,0,2011-08-30T04:00:00Z,2011-12-31T05:00:00Z,48327,Menard (County)
4029,TX,DR,2011-09-10T02:15:00Z,Fire,Wildfires,0,0,1,1,2011-08-30T04:00:00Z,2011-12-31T05:00:00Z,48283,La Salle (County)
4029,TX,DR,2011-09-10T02:15:00Z,Fire,Wildfires,0,0,1,0,2011-08-30T04:00:00Z,2011-12-31T05:00:00Z,48497,Wise (County)
4029,TX,DR,2011-09-10T02:15:00Z,Fire,Wildfires,0,0,1,0,2011-08-30T04:00:00Z,2011-12-31T05:00:00Z,48435,Sutton (County)
4029,TX,DR,2011-09-10T02:15:00Z,Fire,Wildfires,0,0,1,0,2011-08-30T04:00:00Z,2011-12-31T05:00:00Z,48267,Kimble (County)
4029,TX,DR,2011-09-10T02:15:00Z,Fire,Wildfires,0,0,1,0,2011-08-30T04:00:00Z,2011-12-31T05:00:00Z,48353,Nolan (County)
4029,TX,DR,2011-09-10T02:15:00Z,Fire,Wildfires,0,0,1,1,2011-08-30T04:00:00Z,2011-12-31T05:00:00Z,48035,Bosque (County)
4029,TX,DR,2011-09-10T02:15:00Z,Fire,Wildfires,0,0,1,1,2011-08-30T04:00:00Z,2011-12-31T05:00:00Z,48351,Newton (County)
4029,TX,DR,2011-09-10T02:15:00Z,Fire,Wildfires,0,0,1,1,2011-08-30T04:00:00Z,2011-12-31T05:00:00Z,48231,Hunt (County)
4029,TX,DR,2011-09-10T02:15:00Z,Fire,Wildfires,1,0,1,1,2011-08-30T04:00:00Z,2011-12-31T05:00:00Z,48183,Gregg (County)
4029,TX,DR,2011-09-10T02:15:00Z,Fire,Wildfires,1,0,1,1,2011-08-30T04:00:00Z,2011-12-31T05:00:00Z,48213,Henderson (County)
4029,TX,DR,2011-09-10T02:15:00Z,Fire,Wildfires,1,0,1,1,2011-08-30T04:00:00Z,2011-12-31T05:00:00Z,48217,Hill (County)
4029,TX,DR,2011-09-10T02:15:00Z,Fire,Wildfires,1,0,1,1,2011-08-30T04:00:00Z,2011-12-31T05:00:00Z,48225,Houston (County)
4029,TX,DR,2011-09-10T02:15:00Z,Fire,Wildfires,1,0,1,1,2011-08-30T04:00:00Z,2011-12-31T05:00:00Z,48349,Navarro (County)
4029,TX,DR,2011-09-10T02:15:00Z,Fire,Wildfires,0,0,1,1,2011-08-30T04:00:00Z,2011-12-31T05:00:00Z,48393,Roberts (County)
4029,TX,DR,2011-09-10T02:15:00Z,Fire,Wildfires,1,0,1,1,2011-08-30T04:00:00Z,2011-12-31T05:00:00Z,48459,Upshur (County)
4029,TX,DR,2011-09-10T02:15:00Z,Fire,Wildfires,1,0,1,1,2011-08-30T04:00:00Z,2011-12-31T05:00:00Z,48423,Smith (County)
4029,TX,DR,2011-09-10T02:15:00Z,Fire,Wildfires,1,0,1,1,2011-08-30T04:00:00Z,2011-12-31T05:00:00Z,48055,Caldwell (County)
4029,TX,DR,2011-09-10T02:15:00Z,Fire,Wildfires,1,0,1,1,2011-08-30T04:00:00Z,2011-12-31T05:00:00Z,48289,Leon (County)
4029,TX,DR,2011-09-10T02:15:00Z,Fire,Wildfires,1,0,1,1,2011-08-30T04:00:00Z,2011-12-31T05:00:00Z,48401,Rusk (County)
4029,TX,DR,2011-09-10T02:15:00Z,Fire,Wildfires,0,0,1,1,2011-08-30T04:00:00Z,2011-12-31T05:00:00Z,48387,Red River (County)
4029,TX,DR,2011-09-10T02:15:00Z,Fire,Wildfires,1,0,1,1,2011-08-30T04:00:00Z,2011-12-31T05:00:00Z,48315,Marion (County)
4029,TX,DR,2011-09-10T02:15:00Z,Fire,Wildfires,1,0,1,1,2011-08-30T04:00:00Z,2011-12-31T05:00:00Z,48001,Anderson (County)
4029,TX,DR,2011-09-10T02:15:00Z,Fire,Wildfires,1,0,1,1,2011-08-30T04:00:00Z,2011-12-31T05:00:00Z,48089,Colorado (County)
4029,TX,DR,2011-09-10T02:15:00Z,Fire,Wildfires,1,0,1,1,2011-08-30T04:00:00Z,2011-12-31T05:00:00Z,48021,Bastrop (County)
4029,TX,DR,2011-09-10T02:15:00Z,Fire,Wildfires,0,0,1,1,2011-08-30T04:00:00Z,2011-12-31T05:00:00Z,48419,Shelby (County)
4029,TX,DR,2011-09-10T02:15:00Z,Fire,Wildfires,0,0,1,1,2011-08-30T04:00:00Z,2011-12-31T05:00:00Z,48405,San Augustine (County)
4029,TX,DR,2011-09-10T02:15:00Z,Fire,Wildfires,1,0,0,1,2011-08-30T04:00:00Z,2011-12-31T05:00:00Z,48453,Travis (County)
4029,TX,DR,2011-09-10T02:15:00Z,Fire,Wildfires,1,0,1,1,2011-08-30T04:00:00Z,2011-12-31T05:00:00Z,48471,Walker (County)
4029,TX,DR,2011-09-10T02:15:00Z,Fire,Wildfires,1,0,1,1,2011-08-30T04:00:00Z,2011-12-31T05:00:00Z,48185,Grimes (County)
4029,TX,DR,2011-09-10T02:15:00Z,Fire,Wildfires,1,0,1,1,2011-08-30T04:00:00Z,2011-12-31T05:00:00Z,48203,Harrison (County)
4029,TX,DR,2011-09-10T02:15:00Z,Fire,Wildfires,1,0,1,1,2011-08-30T04:00:00Z,2011-12-31T05:00:00Z,48067,Cass (County)
4029,TX,DR,2011-09-10T02:15:00Z,Fire,Wildfires,1,0,1,1,2011-08-30T04:00:00Z,2011-12-31T05:00:00Z,48149,Fayette (County)
4029,TX,DR,2011-09-10T02:15:00Z,Fire,Wildfires,1,0,0,1,2011-08-30T04:00:00Z,2011-12-31T05:00:00Z,48491,Williamson (County)
4029,TX,DR,2011-09-10T02:15:00Z,Fire,Wildfires,0,0,1,1,2011-08-30T04:00:00Z,2011-12-31T05:00:00Z,48181,Grayson (County)
4029,TX,DR,2011-09-10T02:15:00Z,Fire,Wildfires,0,0,1,1,2011-08-30T04:00:00Z,2011-12-31T05:00:00Z,48199,Hardin (County)
2970,CA,FM,2011-09-11T06:36:00Z,Fire,Keene Fire Complex,0,0,1,0,2011-09-10T21:15:28Z,NA,06029,Kern (County)
2971,CA,FM,2011-09-12T01:58:00Z,Fire,Comanche Fire Complex,0,0,1,0,2011-09-11T01:40:00Z,2011-09-16T03:59:00Z,06029,Kern (County)
2976,TX,FM,2012-05-01T03:10:00Z,Fire,Livermore Ranch Fire Complex,0,0,1,0,2012-04-24T04:00:00Z,2012-05-12T03:59:00Z,48243,Jeff Davis (County)
4076,WI,DR,2012-08-02T20:30:00Z,Severe Storm(s),Severe Storms And Flooding,0,0,1,1,2012-06-19T04:00:00Z,2012-06-20T04:00:00Z,55007,Bayfield (County)
4076,WI,DR,2012-08-02T20:30:00Z,Severe Storm(s),Severe Storms And Flooding,0,0,1,1,2012-06-19T04:00:00Z,2012-06-20T04:00:00Z,55000,Red Cliff Indian Reservation
4076,WI,DR,2012-08-02T20:30:00Z,Severe Storm(s),Severe Storms And Flooding,0,0,1,1,2012-06-19T04:00:00Z,2012-06-20T04:00:00Z,55003,Ashland (County)
4076,WI,DR,2012-08-02T20:30:00Z,Severe Storm(s),Severe Storms And Flooding,0,0,1,1,2012-06-19T04:00:00Z,2012-06-20T04:00:00Z,55031,Douglas (County)
5004,CA,FM,2012-08-13T17:15:00Z,Fire,Wye Fire,0,0,1,0,2012-08-12T15:15:00Z,2012-08-19T03:59:00Z,06033,Lake (County)
5007,CA,FM,2012-08-19T19:05:00Z,Fire,Ponderosa Fire,0,0,1,0,2012-08-18T16:00:00Z,2012-09-04T04:00:00Z,06089,Shasta (County)
5007,CA,FM,2012-08-19T19:05:00Z,Fire,Ponderosa Fire,0,0,1,0,2012-08-18T16:00:00Z,2012-09-04T04:00:00Z,06103,Tehama (County)
5021,CA,FM,2012-09-24T04:37:00Z,Fire,Shockey Fire,0,0,1,0,2012-09-23T19:14:59Z,2012-09-28T03:59:00Z,06000,Campo Indian Reservation
5021,CA,FM,2012-09-24T04:37:00Z,Fire,Shockey Fire,0,0,1,0,2012-09-23T19:14:59Z,2012-09-28T03:59:00Z,06073,San Diego (County)
3363,TX,EM,2013-04-20T00:15:00Z,Other,Explosion,1,0,1,0,2013-04-18T00:00:00Z,2013-04-20T04:00:00Z,48309,McLennan (County)
5023,CA,FM,2013-05-02T03:15:00Z,Fire,Summit Fire,0,0,1,0,2013-05-01T17:00:00Z,2013-05-06T03:59:00Z,06065,Riverside (County)
5024,CA,FM,2013-05-02T19:16:00Z,Fire,Springs Fire,0,0,1,0,2013-05-02T10:34:00Z,2013-05-12T03:59:00Z,06111,Ventura (County)
5025,CA,FM,2013-06-02T06:50:00Z,Fire,Powerhouse Fire,0,0,1,0,2013-05-31T04:00:00Z,2013-06-08T04:00:00Z,06037,Los Angeles (County)
4136,TX,DR,2013-08-02T13:10:00Z,Other,Explosion,0,0,1,1,2013-04-17T04:00:00Z,2013-04-20T04:00:00Z,48309,McLennan (County)
5040,CA,FM,2013-08-06T04:00:00Z,Fire,Falls Fire,0,0,1,0,2013-08-05T12:00:00Z,2013-08-11T03:59:00Z,06065,Riverside (County)
5041,CA,FM,2013-08-08T05:12:00Z,Fire,Silver Fire,0,0,1,0,2013-08-08T02:00:00Z,2013-08-14T03:59:00Z,06065,Riverside (County)
4141,WI,DR,2013-08-08T16:10:00Z,Severe Storm(s),"Severe Storms, Flooding, And Mudslides",0,0,1,1,2013-06-20T04:00:00Z,2013-06-28T04:00:00Z,55049,Iowa (County)
4141,WI,DR,2013-08-08T16:10:00Z,Severe Storm(s),"Severe Storms, Flooding, And Mudslides",0,0,1,1,2013-06-20T04:00:00Z,2013-06-28T04:00:00Z,55123,Vernon (County)
4141,WI,DR,2013-08-08T16:10:00Z,Severe Storm(s),"Severe Storms, Flooding, And Mudslides",0,0,1,1,2013-06-20T04:00:00Z,2013-06-28T04:00:00Z,55109,St. Croix (County)
4141,WI,DR,2013-08-08T16:10:00Z,Severe Storm(s),"Severe Storms, Flooding, And Mudslides",0,0,1,1,2013-06-20T04:00:00Z,2013-06-28T04:00:00Z,55007,Bayfield (County)
4141,WI,DR,2013-08-08T16:10:00Z,Severe Storm(s),"Severe Storms, Flooding, And Mudslides",0,0,1,1,2013-06-20T04:00:00Z,2013-06-28T04:00:00Z,55023,Crawford (County)
4141,WI,DR,2013-08-08T16:10:00Z,Severe Storm(s),"Severe Storms, Flooding, And Mudslides",0,0,1,1,2013-06-20T04:00:00Z,2013-06-28T04:00:00Z,55003,Ashland (County)
4141,WI,DR,2013-08-08T16:10:00Z,Severe Storm(s),"Severe Storms, Flooding, And Mudslides",0,0,1,1,2013-06-20T04:00:00Z,2013-06-28T04:00:00Z,55103,Richland (County)
4141,WI,DR,2013-08-08T16:10:00Z,Severe Storm(s),"Severe Storms, Flooding, And Mudslides",0,0,1,1,2013-06-20T04:00:00Z,2013-06-28T04:00:00Z,55043,Grant (County)
5049,CA,FM,2013-08-24T01:13:00Z,Fire,Rim Fire,0,0,1,0,2013-08-20T19:00:00Z,2013-09-09T03:59:00Z,06109,Tuolumne (County)
5049,CA,FM,2013-08-24T01:13:00Z,Fire,Rim Fire,0,0,1,0,2013-08-20T19:00:00Z,2013-09-09T03:59:00Z,06043,Mariposa (County)
4142,CA,DR,2013-08-29T20:30:00Z,Fire,Wildfire,0,0,1,1,2013-07-29T04:00:00Z,2013-08-01T04:00:00Z,06000,Karuk Reservation
5050,CA,FM,2013-09-10T04:57:00Z,Fire,Clover Fire,0,0,1,0,2013-09-09T04:01:00Z,2013-09-15T03:59:00Z,06089,Shasta (County)
4158,CA,DR,2013-12-13T19:00:00Z,Fire,Rim Fire,0,0,1,1,2013-08-17T19:25:00Z,2013-10-25T03:59:00Z,06109,Tuolumne (County)
4159,TX,DR,2013-12-20T16:30:00Z,Severe Storm(s),Severe Storms And Flooding,0,0,1,1,2013-10-30T04:00:00Z,2013-10-31T04:00:00Z,48055,Caldwell (County)
4159,TX,DR,2013-12-20T16:30:00Z,Severe Storm(s),Severe Storms And Flooding,0,0,1,1,2013-10-30T04:00:00Z,2013-10-31T04:00:00Z,48209,Hays (County)
4159,TX,DR,2013-12-20T16:30:00Z,Severe Storm(s),Severe Storms And Flooding,0,0,1,1,2013-10-30T04:00:00Z,2013-10-31T04:00:00Z,48161,Freestone (County)
4159,TX,DR,2013-12-20T16:30:00Z,Severe Storm(s),Severe Storms And Flooding,0,0,1,1,2013-10-30T04:00:00Z,2013-10-31T04:00:00Z,48453,Travis (County)
5051,CA,FM,2014-01-16T19:13:00Z,Fire,Colby Fire,0,0,1,0,2014-01-16T05:00:00Z,2014-01-23T04:59:00Z,06037,Los Angeles (County)
5053,TX,FM,2014-05-12T05:18:00Z,Fire,Double Diamond Fire,0,0,1,0,2014-05-11T04:00:00Z,NA,48233,Hutchinson (County)
5054,CA,FM,2014-05-14T23:05:00Z,Fire,Poinsettia Fire,0,0,1,0,2014-05-14T17:38:00Z,2014-05-18T03:59:00Z,06073,San Diego (County)
5055,CA,FM,2014-05-15T03:19:00Z,Fire,Cocos Fire,0,0,1,0,2014-05-15T00:38:00Z,2014-05-23T03:59:00Z,06073,San Diego (County)
5057,CA,FM,2014-07-02T05:00:00Z,Fire,Butts Fire,0,0,1,0,2014-07-01T16:00:00Z,2014-07-07T03:59:00Z,06055,Napa (County)
5067,CA,FM,2014-08-02T10:05:00Z,Fire,Eiler Fire,0,0,1,0,2014-08-01T07:31:00Z,2014-08-17T03:59:00Z,06089,Shasta (County)
5068,CA,FM,2014-08-03T01:24:00Z,Fire,Oregon Gulch Fire,0,0,1,0,2014-08-01T04:00:00Z,2014-08-10T03:59:00Z,06093,Siskiyou (County)
5069,CA,FM,2014-08-03T04:45:00Z,Fire,Bald Fire,0,0,1,0,2014-08-02T04:00:00Z,2014-08-10T03:59:00Z,06089,Shasta (County)
5069,CA,FM,2014-08-03T04:45:00Z,Fire,Bald Fire,0,0,1,0,2014-08-02T04:00:00Z,2014-08-10T03:59:00Z,06035,Lassen (County)
5070,CA,FM,2014-08-03T06:05:00Z,Fire,Day Fire,0,0,1,0,2014-08-01T04:00:00Z,2014-08-10T03:59:00Z,06049,Modoc (County)
5074,CA,FM,2014-08-19T04:27:00Z,Fire,Junction Fire,0,0,1,0,2014-08-18T16:00:00Z,2014-08-23T03:59:00Z,06039,Madera (County)
5075,CA,FM,2014-08-19T07:38:00Z,Fire,Way Fire,0,0,1,0,2014-08-18T16:00:00Z,2014-08-24T03:59:00Z,06029,Kern (County)
5076,CA,FM,2014-08-25T07:09:00Z,Fire,Oregon Fire,0,0,1,0,2014-08-24T16:00:00Z,2014-08-29T03:59:00Z,06105,Trinity (County)
5077,CA,FM,2014-09-06T03:33:00Z,Fire,Bridge Fire,0,0,1,0,2014-09-05T16:00:00Z,2014-09-11T03:59:00Z,06043,Mariposa (County)
4193,CA,DR,2014-09-11T23:27:00Z,Earthquake,Earthquake,1,0,1,1,2014-08-24T04:00:00Z,2014-09-08T03:59:00Z,06055,Napa (County)
4193,CA,DR,2014-09-11T23:27:00Z,Earthquake,Earthquake,1,0,1,1,2014-08-24T04:00:00Z,2014-09-08T03:59:00Z,06095,Solano (County)
5078,CA,FM,2014-09-15T03:08:00Z,Fire,Courtney Fire,0,0,1,0,2014-09-14T16:00:00Z,2014-09-21T03:59:00Z,06039,Madera (County)
5079,CA,FM,2014-09-16T01:08:00Z,Fire,Boles Fire,0,0,1,0,2014-09-15T16:00:00Z,2014-09-28T03:59:00Z,06093,Siskiyou (County)
5081,CA,FM,2014-09-17T22:25:00Z,Fire,King Fire,0,0,1,0,2014-09-13T04:00:00Z,2014-10-04T03:59:00Z,06017,El Dorado (County)
5082,CA,FM,2014-10-09T01:48:00Z,Fire,Applegate Fire,0,0,1,0,2014-10-08T04:00:00Z,2014-10-14T03:59:00Z,06061,Placer (County)
4206,CA,DR,2015-01-27T17:24:00Z,Flood,"Severe Storms, Flooding, And Mudslides",0,0,1,1,2014-12-04T05:00:00Z,2014-12-07T04:59:00Z,06000,Soboba Indian Reservation
4223,TX,DR,2015-05-30T03:02:00Z,Severe Storm(s),"Severe Storms, Tornadoes, Straight-Line Winds And Flooding",0,0,1,1,2015-05-04T04:00:00Z,2015-06-23T03:59:00Z,48009,Archer (County)
4223,TX,DR,2015-05-30T03:02:00Z,Severe Storm(s),"Severe Storms, Tornadoes, Straight-Line Winds And Flooding",0,0,1,1,2015-05-04T04:00:00Z,2015-06-23T03:59:00Z,48013,Atascosa (County)
4223,TX,DR,2015-05-30T03:02:00Z,Severe Storm(s),"Severe Storms, Tornadoes, Straight-Line Winds And Flooding",0,0,1,1,2015-05-04T04:00:00Z,2015-06-23T03:59:00Z,48123,DeWitt (County)
4223,TX,DR,2015-05-30T03:02:00Z,Severe Storm(s),"Severe Storms, Tornadoes, Straight-Line Winds And Flooding",0,0,1,1,2015-05-04T04:00:00Z,2015-06-23T03:59:00Z,48059,Callahan (County)
4223,TX,DR,2015-05-30T03:02:00Z,Severe Storm(s),"Severe Storms, Tornadoes, Straight-Line Winds And Flooding",0,0,1,1,2015-05-04T04:00:00Z,2015-06-23T03:59:00Z,48067,Cass (County)
4223,TX,DR,2015-05-30T03:02:00Z,Severe Storm(s),"Severe Storms, Tornadoes, Straight-Line Winds And Flooding",0,0,1,1,2015-05-04T04:00:00Z,2015-06-23T03:59:00Z,48077,Clay (County)
4223,TX,DR,2015-05-30T03:02:00Z,Severe Storm(s),"Severe Storms, Tornadoes, Straight-Line Winds And Flooding",0,0,1,1,2015-05-04T04:00:00Z,2015-06-23T03:59:00Z,48015,Austin (County)
4223,TX,DR,2015-05-30T03:02:00Z,Severe Storm(s),"Severe Storms, Tornadoes, Straight-Line Winds And Flooding",0,0,1,1,2015-05-04T04:00:00Z,2015-06-23T03:59:00Z,48089,Colorado (County)
4223,TX,DR,2015-05-30T03:02:00Z,Severe Storm(s),"Severe Storms, Tornadoes, Straight-Line Winds And Flooding",0,0,1,1,2015-05-04T04:00:00Z,2015-06-23T03:59:00Z,48049,Brown (County)
4223,TX,DR,2015-05-30T03:02:00Z,Severe Storm(s),"Severe Storms, Tornadoes, Straight-Line Winds And Flooding",0,0,1,1,2015-05-04T04:00:00Z,2015-06-23T03:59:00Z,48023,Baylor (County)
4223,TX,DR,2015-05-30T03:02:00Z,Severe Storm(s),"Severe Storms, Tornadoes, Straight-Line Winds And Flooding",0,0,1,1,2015-05-04T04:00:00Z,2015-06-23T03:59:00Z,48051,Burleson (County)
4223,TX,DR,2015-05-30T03:02:00Z,Severe Storm(s),"Severe Storms, Tornadoes, Straight-Line Winds And Flooding",0,0,1,1,2015-05-04T04:00:00Z,2015-06-23T03:59:00Z,48035,Bosque (County)
4223,TX,DR,2015-05-30T03:02:00Z,Severe Storm(s),"Severe Storms, Tornadoes, Straight-Line Winds And Flooding",0,0,1,1,2015-05-04T04:00:00Z,2015-06-23T03:59:00Z,48087,Collingsworth (County)
4223,TX,DR,2015-05-30T03:02:00Z,Severe Storm(s),"Severe Storms, Tornadoes, Straight-Line Winds And Flooding",0,0,1,1,2015-05-04T04:00:00Z,2015-06-23T03:59:00Z,48093,Comanche (County)
4223,TX,DR,2015-05-30T03:02:00Z,Severe Storm(s),"Severe Storms, Tornadoes, Straight-Line Winds And Flooding",0,0,1,1,2015-05-04T04:00:00Z,2015-06-23T03:59:00Z,48091,Comal (County)
4223,TX,DR,2015-05-30T03:02:00Z,Severe Storm(s),"Severe Storms, Tornadoes, Straight-Line Winds And Flooding",0,0,1,1,2015-05-04T04:00:00Z,2015-06-23T03:59:00Z,48099,Coryell (County)
4223,TX,DR,2015-05-30T03:02:00Z,Severe Storm(s),"Severe Storms, Tornadoes, Straight-Line Winds And Flooding",0,0,1,1,2015-05-04T04:00:00Z,2015-06-23T03:59:00Z,48119,Delta (County)
4223,TX,DR,2015-05-30T03:02:00Z,Severe Storm(s),"Severe Storms, Tornadoes, Straight-Line Winds And Flooding",1,0,1,1,2015-05-04T04:00:00Z,2015-06-23T03:59:00Z,48133,Eastland (County)
4223,TX,DR,2015-05-30T03:02:00Z,Severe Storm(s),"Severe Storms, Tornadoes, Straight-Line Winds And Flooding",0,0,1,1,2015-05-04T04:00:00Z,2015-06-23T03:59:00Z,48125,Dickens (County)
4223,TX,DR,2015-05-30T03:02:00Z,Severe Storm(s),"Severe Storms, Tornadoes, Straight-Line Winds And Flooding",1,0,1,1,2015-05-04T04:00:00Z,2015-06-23T03:59:00Z,48073,Cherokee (County)
4223,TX,DR,2015-05-30T03:02:00Z,Severe Storm(s),"Severe Storms, Tornadoes, Straight-Line Winds And Flooding",1,0,1,1,2015-05-04T04:00:00Z,2015-06-23T03:59:00Z,48139,Ellis (County)
4223,TX,DR,2015-05-30T03:02:00Z,Severe Storm(s),"Severe Storms, Tornadoes, Straight-Line Winds And Flooding",1,0,1,1,2015-05-04T04:00:00Z,2015-06-23T03:59:00Z,48021,Bastrop (County)
4223,TX,DR,2015-05-30T03:02:00Z,Severe Storm(s),"Severe Storms, Tornadoes, Straight-Line Winds And Flooding",0,0,1,1,2015-05-04T04:00:00Z,2015-06-23T03:59:00Z,48169,Garza (County)
4223,TX,DR,2015-05-30T03:02:00Z,Severe Storm(s),"Severe Storms, Tornadoes, Straight-Line Winds And Flooding",0,0,1,1,2015-05-04T04:00:00Z,2015-06-23T03:59:00Z,48191,Hall (County)
4223,TX,DR,2015-05-30T03:02:00Z,Severe Storm(s),"Severe Storms, Tornadoes, Straight-Line Winds And Flooding",0,0,1,1,2015-05-04T04:00:00Z,2015-06-23T03:59:00Z,48253,Jones (County)
4223,TX,DR,2015-05-30T03:02:00Z,Severe Storm(s),"Severe Storms, Tornadoes, Straight-Line Winds And Flooding",0,0,1,1,2015-05-04T04:00:00Z,2015-06-23T03:59:00Z,48131,Duval (County)
4223,TX,DR,2015-05-30T03:02:00Z,Severe Storm(s),"Severe Storms, Tornadoes, Straight-Line Winds And Flooding",0,0,1,1,2015-05-04T04:00:00Z,2015-06-23T03:59:00Z,48137,Edwards (County)
4223,TX,DR,2015-05-30T03:02:00Z,Severe Storm(s),"Severe Storms, Tornadoes, Straight-Line Winds And Flooding",0,0,1,1,2015-05-04T04:00:00Z,2015-06-23T03:59:00Z,48217,Hill (County)
4223,TX,DR,2015-05-30T03:02:00Z,Severe Storm(s),"Severe Storms, Tornadoes, Straight-Line Winds And Flooding",0,0,1,1,2015-05-04T04:00:00Z,2015-06-23T03:59:00Z,48171,Gillespie (County)
4223,TX,DR,2015-05-30T03:02:00Z,Severe Storm(s),"Severe Storms, Tornadoes, Straight-Line Winds And Flooding",0,0,1,1,2015-05-04T04:00:00Z,2015-06-23T03:59:00Z,48277,Lamar (County)
4223,TX,DR,2015-05-30T03:02:00Z,Severe Storm(s),"Severe Storms, Tornadoes, Straight-Line Winds And Flooding",0,0,1,1,2015-05-04T04:00:00Z,2015-06-23T03:59:00Z,48309,McLennan (County)
4223,TX,DR,2015-05-30T03:02:00Z,Severe Storm(s),"Severe Storms, Tornadoes, Straight-Line Winds And Flooding",0,0,1,1,2015-05-04T04:00:00Z,2015-06-23T03:59:00Z,48185,Grimes (County)
4223,TX,DR,2015-05-30T03:02:00Z,Severe Storm(s),"Severe Storms, Tornadoes, Straight-Line Winds And Flooding",0,0,1,1,2015-05-04T04:00:00Z,2015-06-23T03:59:00Z,48205,Hartley (County)
4223,TX,DR,2015-05-30T03:02:00Z,Severe Storm(s),"Severe Storms, Tornadoes, Straight-Line Winds And Flooding",0,0,1,1,2015-05-04T04:00:00Z,2015-06-23T03:59:00Z,48305,Lynn (County)
4223,TX,DR,2015-05-30T03:02:00Z,Severe Storm(s),"Severe Storms, Tornadoes, Straight-Line Winds And Flooding",0,0,1,1,2015-05-04T04:00:00Z,2015-06-23T03:59:00Z,48225,Houston (County)
4223,TX,DR,2015-05-30T03:02:00Z,Severe Storm(s),"Severe Storms, Tornadoes, Straight-Line Winds And Flooding",0,0,1,1,2015-05-04T04:00:00Z,2015-06-23T03:59:00Z,48199,Hardin (County)
4223,TX,DR,2015-05-30T03:02:00Z,Severe Storm(s),"Severe Storms, Tornadoes, Straight-Line Winds And Flooding",0,0,1,1,2015-05-04T04:00:00Z,2015-06-23T03:59:00Z,48223,Hopkins (County)
4223,TX,DR,2015-05-30T03:02:00Z,Severe Storm(s),"Severe Storms, Tornadoes, Straight-Line Winds And Flooding",0,0,1,1,2015-05-04T04:00:00Z,2015-06-23T03:59:00Z,48361,Orange (County)
4223,TX,DR,2015-05-30T03:02:00Z,Severe Storm(s),"Severe Storms, Tornadoes, Straight-Line Winds And Flooding",0,0,1,1,2015-05-04T04:00:00Z,2015-06-23T03:59:00Z,48351,Newton (County)
4223,TX,DR,2015-05-30T03:02:00Z,Severe Storm(s),"Severe Storms, Tornadoes, Straight-Line Winds And Flooding",0,0,1,1,2015-05-04T04:00:00Z,2015-06-23T03:59:00Z,48385,Real (County)
4223,TX,DR,2015-05-30T03:02:00Z,Severe Storm(s),"Severe Storms, Tornadoes, Straight-Line Winds And Flooding",0,0,1,1,2015-05-04T04:00:00Z,2015-06-23T03:59:00Z,48363,Palo Pinto (County)
4223,TX,DR,2015-05-30T03:02:00Z,Severe Storm(s),"Severe Storms, Tornadoes, Straight-Line Winds And Flooding",0,0,1,1,2015-05-04T04:00:00Z,2015-06-23T03:59:00Z,48237,Jack (County)
4223,TX,DR,2015-05-30T03:02:00Z,Severe Storm(s),"Severe Storms, Tornadoes, Straight-Line Winds And Flooding",0,0,1,1,2015-05-04T04:00:00Z,2015-06-23T03:59:00Z,48391,Refugio (County)
4223,TX,DR,2015-05-30T03:02:00Z,Severe Storm(s),"Severe Storms, Tornadoes, Straight-Line Winds And Flooding",1,0,0,1,2015-05-04T04:00:00Z,2015-06-23T03:59:00Z,48187,Guadalupe (County)
4223,TX,DR,2015-05-30T03:02:00Z,Severe Storm(s),"Severe Storms, Tornadoes, Straight-Line Winds And Flooding",0,0,1,1,2015-05-04T04:00:00Z,2015-06-23T03:59:00Z,48373,Polk (County)
4223,TX,DR,2015-05-30T03:02:00Z,Severe Storm(s),"Severe Storms, Tornadoes, Straight-Line Winds And Flooding",0,0,1,1,2015-05-04T04:00:00Z,2015-06-23T03:59:00Z,48451,Tom Green (County)
4223,TX,DR,2015-05-30T03:02:00Z,Severe Storm(s),"Severe Storms, Tornadoes, Straight-Line Winds And Flooding",0,0,1,1,2015-05-04T04:00:00Z,2015-06-23T03:59:00Z,48403,Sabine (County)
4223,TX,DR,2015-05-30T03:02:00Z,Severe Storm(s),"Severe Storms, Tornadoes, Straight-Line Winds And Flooding",0,0,1,1,2015-05-04T04:00:00Z,2015-06-23T03:59:00Z,48287,Lee (County)
4223,TX,DR,2015-05-30T03:02:00Z,Severe Storm(s),"Severe Storms, Tornadoes, Straight-Line Winds And Flooding",0,0,1,1,2015-05-04T04:00:00Z,2015-06-23T03:59:00Z,48427,Starr (County)
4223,TX,DR,2015-05-30T03:02:00Z,Severe Storm(s),"Severe Storms, Tornadoes, Straight-Line Winds And Flooding",0,0,1,1,2015-05-04T04:00:00Z,2015-06-23T03:59:00Z,48257,Kaufman (County)
4223,TX,DR,2015-05-30T03:02:00Z,Severe Storm(s),"Severe Storms, Tornadoes, Straight-Line Winds And Flooding",0,0,1,1,2015-05-04T04:00:00Z,2015-06-23T03:59:00Z,48259,Kendall (County)
4223,TX,DR,2015-05-30T03:02:00Z,Severe Storm(s),"Severe Storms, Tornadoes, Straight-Line Winds And Flooding",0,0,1,1,2015-05-04T04:00:00Z,2015-06-23T03:59:00Z,48303,Lubbock (County)
4223,TX,DR,2015-05-30T03:02:00Z,Severe Storm(s),"Severe Storms, Tornadoes, Straight-Line Winds And Flooding",0,0,1,1,2015-05-04T04:00:00Z,2015-06-23T03:59:00Z,48367,Parker (County)
4223,TX,DR,2015-05-30T03:02:00Z,Severe Storm(s),"Severe Storms, Tornadoes, Straight-Line Winds And Flooding",1,0,1,1,2015-05-04T04:00:00Z,2015-06-23T03:59:00Z,48031,Blanco (County)
4223,TX,DR,2015-05-30T03:02:00Z,Severe Storm(s),"Severe Storms, Tornadoes, Straight-Line Winds And Flooding",0,0,1,1,2015-05-04T04:00:00Z,2015-06-23T03:59:00Z,48347,Nacogdoches (County)
4223,TX,DR,2015-05-30T03:02:00Z,Severe Storm(s),"Severe Storms, Tornadoes, Straight-Line Winds And Flooding",0,0,1,1,2015-05-04T04:00:00Z,2015-06-23T03:59:00Z,48447,Throckmorton (County)
4223,TX,DR,2015-05-30T03:02:00Z,Severe Storm(s),"Severe Storms, Tornadoes, Straight-Line Winds And Flooding",0,0,1,1,2015-05-04T04:00:00Z,2015-06-23T03:59:00Z,48463,Uvalde (County)
4223,TX,DR,2015-05-30T03:02:00Z,Severe Storm(s),"Severe Storms, Tornadoes, Straight-Line Winds And Flooding",0,0,1,1,2015-05-04T04:00:00Z,2015-06-23T03:59:00Z,48439,Tarrant (County)
4223,TX,DR,2015-05-30T03:02:00Z,Severe Storm(s),"Severe Storms, Tornadoes, Straight-Line Winds And Flooding",0,0,1,1,2015-05-04T04:00:00Z,2015-06-23T03:59:00Z,48405,San Augustine (County)
4223,TX,DR,2015-05-30T03:02:00Z,Severe Storm(s),"Severe Storms, Tornadoes, Straight-Line Winds And Flooding",0,0,1,1,2015-05-04T04:00:00Z,2015-06-23T03:59:00Z,48395,Robertson (County)
4223,TX,DR,2015-05-30T03:02:00Z,Severe Storm(s),"Severe Storms, Tornadoes, Straight-Line Winds And Flooding",0,0,1,1,2015-05-04T04:00:00Z,2015-06-23T03:59:00Z,48457,Tyler (County)
4223,TX,DR,2015-05-30T03:02:00Z,Severe Storm(s),"Severe Storms, Tornadoes, Straight-Line Winds And Flooding",0,0,1,1,2015-05-04T04:00:00Z,2015-06-23T03:59:00Z,48177,Gonzales (County)
4223,TX,DR,2015-05-30T03:02:00Z,Severe Storm(s),"Severe Storms, Tornadoes, Straight-Line Winds And Flooding",1,0,1,1,2015-05-04T04:00:00Z,2015-06-23T03:59:00Z,48113,Dallas (County)
4223,TX,DR,2015-05-30T03:02:00Z,Severe Storm(s),"Severe Storms, Tornadoes, Straight-Line Winds And Flooding",1,0,1,1,2015-05-04T04:00:00Z,2015-06-23T03:59:00Z,48005,Angelina (County)
4223,TX,DR,2015-05-30T03:02:00Z,Severe Storm(s),"Severe Storms, Tornadoes, Straight-Line Winds And Flooding",0,0,1,1,2015-05-04T04:00:00Z,2015-06-23T03:59:00Z,48503,Young (County)
4223,TX,DR,2015-05-30T03:02:00Z,Severe Storm(s),"Severe Storms, Tornadoes, Straight-Line Winds And Flooding",1,0,1,1,2015-05-04T04:00:00Z,2015-06-23T03:59:00Z,48121,Denton (County)
4223,TX,DR,2015-05-30T03:02:00Z,Severe Storm(s),"Severe Storms, Tornadoes, Straight-Line Winds And Flooding",1,0,1,1,2015-05-04T04:00:00Z,2015-06-23T03:59:00Z,48147,Fannin (County)
4223,TX,DR,2015-05-30T03:02:00Z,Severe Storm(s),"Severe Storms, Tornadoes, Straight-Line Winds And Flooding",0,0,1,1,2015-05-04T04:00:00Z,2015-06-23T03:59:00Z,48425,Somervell (County)
4223,TX,DR,2015-05-30T03:02:00Z,Severe Storm(s),"Severe Storms, Tornadoes, Straight-Line Winds And Flooding",0,0,1,1,2015-05-04T04:00:00Z,2015-06-23T03:59:00Z,48507,Zavala (County)
4223,TX,DR,2015-05-30T03:02:00Z,Severe Storm(s),"Severe Storms, Tornadoes, Straight-Line Winds And Flooding",1,0,1,1,2015-05-04T04:00:00Z,2015-06-23T03:59:00Z,48097,Cooke (County)
4223,TX,DR,2015-05-30T03:02:00Z,Severe Storm(s),"Severe Storms, Tornadoes, Straight-Line Winds And Flooding",0,0,1,1,2015-05-04T04:00:00Z,2015-06-23T03:59:00Z,48477,Washington (County)
4223,TX,DR,2015-05-30T03:02:00Z,Severe Storm(s),"Severe Storms, Tornadoes, Straight-Line Winds And Flooding",1,0,1,1,2015-05-04T04:00:00Z,2015-06-23T03:59:00Z,48037,Bowie (County)
4223,TX,DR,2015-05-30T03:02:00Z,Severe Storm(s),"Severe Storms, Tornadoes, Straight-Line Winds And Flooding",0,0,1,1,2015-05-04T04:00:00Z,2015-06-23T03:59:00Z,48473,Waller (County)
4223,TX,DR,2015-05-30T03:02:00Z,Severe Storm(s),"Severe Storms, Tornadoes, Straight-Line Winds And Flooding",0,0,1,1,2015-05-04T04:00:00Z,2015-06-23T03:59:00Z,48241,Jasper (County)
4223,TX,DR,2015-05-30T03:02:00Z,Severe Storm(s),"Severe Storms, Tornadoes, Straight-Line Winds And Flooding",0,0,1,1,2015-05-04T04:00:00Z,2015-06-23T03:59:00Z,48289,Leon (County)
4223,TX,DR,2015-05-30T03:02:00Z,Severe Storm(s),"Severe Storms, Tornadoes, Straight-Line Winds And Flooding",1,0,0,1,2015-05-04T04:00:00Z,2015-06-23T03:59:00Z,48157,Fort Bend (County)
4223,TX,DR,2015-05-30T03:02:00Z,Severe Storm(s),"Severe Storms, Tornadoes, Straight-Line Winds And Flooding",0,0,1,1,2015-05-04T04:00:00Z,2015-06-23T03:59:00Z,48407,San Jacinto (County)
4223,TX,DR,2015-05-30T03:02:00Z,Severe Storm(s),"Severe Storms, Tornadoes, Straight-Line Winds And Flooding",1,0,1,1,2015-05-04T04:00:00Z,2015-06-23T03:59:00Z,48055,Caldwell (County)
4223,TX,DR,2015-05-30T03:02:00Z,Severe Storm(s),"Severe Storms, Tornadoes, Straight-Line Winds And Flooding",0,0,1,1,2015-05-04T04:00:00Z,2015-06-23T03:59:00Z,48469,Victoria (County)
4223,TX,DR,2015-05-30T03:02:00Z,Severe Storm(s),"Severe Storms, Tornadoes, Straight-Line Winds And Flooding",1,0,1,1,2015-05-04T04:00:00Z,2015-06-23T03:59:00Z,48143,Erath (County)
4223,TX,DR,2015-05-30T03:02:00Z,Severe Storm(s),"Severe Storms, Tornadoes, Straight-Line Winds And Flooding",1,0,1,1,2015-05-04T04:00:00Z,2015-06-23T03:59:00Z,48215,Hidalgo (County)
4223,TX,DR,2015-05-30T03:02:00Z,Severe Storm(s),"Severe Storms, Tornadoes, Straight-Line Winds And Flooding",1,0,1,1,2015-05-04T04:00:00Z,2015-06-23T03:59:00Z,48039,Brazoria (County)
4223,TX,DR,2015-05-30T03:02:00Z,Severe Storm(s),"Severe Storms, Tornadoes, Straight-Line Winds And Flooding",1,0,1,1,2015-05-04T04:00:00Z,2015-06-23T03:59:00Z,48291,Liberty (County)
4223,TX,DR,2015-05-30T03:02:00Z,Severe Storm(s),"Severe Storms, Tornadoes, Straight-Line Winds And Flooding",1,0,1,1,2015-05-04T04:00:00Z,2015-06-23T03:59:00Z,48337,Montague (County)
4223,TX,DR,2015-05-30T03:02:00Z,Severe Storm(s),"Severe Storms, Tornadoes, Straight-Line Winds And Flooding",1,0,0,1,2015-05-04T04:00:00Z,2015-06-23T03:59:00Z,48339,Montgomery (County)
4223,TX,DR,2015-05-30T03:02:00Z,Severe Storm(s),"Severe Storms, Tornadoes, Straight-Line Winds And Flooding",1,0,1,1,2015-05-04T04:00:00Z,2015-06-23T03:59:00Z,48163,Frio (County)
4223,TX,DR,2015-05-30T03:02:00Z,Severe Storm(s),"Severe Storms, Tornadoes, Straight-Line Winds And Flooding",1,0,1,1,2015-05-04T04:00:00Z,2015-06-23T03:59:00Z,48201,Harris (County)
4223,TX,DR,2015-05-30T03:02:00Z,Severe Storm(s),"Severe Storms, Tornadoes, Straight-Line Winds And Flooding",1,0,1,1,2015-05-04T04:00:00Z,2015-06-23T03:59:00Z,48249,Jim Wells (County)
4223,TX,DR,2015-05-30T03:02:00Z,Severe Storm(s),"Severe Storms, Tornadoes, Straight-Line Winds And Flooding",1,0,1,1,2015-05-04T04:00:00Z,2015-06-23T03:59:00Z,48203,Harrison (County)
4223,TX,DR,2015-05-30T03:02:00Z,Severe Storm(s),"Severe Storms, Tornadoes, Straight-Line Winds And Flooding",1,0,1,1,2015-05-04T04:00:00Z,2015-06-23T03:59:00Z,48213,Henderson (County)
4223,TX,DR,2015-05-30T03:02:00Z,Severe Storm(s),"Severe Storms, Tornadoes, Straight-Line Winds And Flooding",1,0,1,1,2015-05-04T04:00:00Z,2015-06-23T03:59:00Z,48349,Navarro (County)
4223,TX,DR,2015-05-30T03:02:00Z,Severe Storm(s),"Severe Storms, Tornadoes, Straight-Line Winds And Flooding",1,0,1,1,2015-05-04T04:00:00Z,2015-06-23T03:59:00Z,48355,Nueces (County)
4223,TX,DR,2015-05-30T03:02:00Z,Severe Storm(s),"Severe Storms, Tornadoes, Straight-Line Winds And Flooding",1,0,1,1,2015-05-04T04:00:00Z,2015-06-23T03:59:00Z,48387,Red River (County)
4223,TX,DR,2015-05-30T03:02:00Z,Severe Storm(s),"Severe Storms, Tornadoes, Straight-Line Winds And Flooding",1,0,1,1,2015-05-04T04:00:00Z,2015-06-23T03:59:00Z,48453,Travis (County)
4223,TX,DR,2015-05-30T03:02:00Z,Severe Storm(s),"Severe Storms, Tornadoes, Straight-Line Winds And Flooding",1,0,1,1,2015-05-04T04:00:00Z,2015-06-23T03:59:00Z,48313,Madison (County)
4223,TX,DR,2015-05-30T03:02:00Z,Severe Storm(s),"Severe Storms, Tornadoes, Straight-Line Winds And Flooding",1,0,1,1,2015-05-04T04:00:00Z,2015-06-23T03:59:00Z,48455,Trinity (County)
4223,TX,DR,2015-05-30T03:02:00Z,Severe Storm(s),"Severe Storms, Tornadoes, Straight-Line Winds And Flooding",1,0,1,1,2015-05-04T04:00:00Z,2015-06-23T03:59:00Z,48481,Wharton (County)
4223,TX,DR,2015-05-30T03:02:00Z,Severe Storm(s),"Severe Storms, Tornadoes, Straight-Line Winds And Flooding",1,0,1,1,2015-05-04T04:00:00Z,2015-06-23T03:59:00Z,48419,Shelby (County)
4223,TX,DR,2015-05-30T03:02:00Z,Severe Storm(s),"Severe Storms, Tornadoes, Straight-Line Winds And Flooding",1,0,1,1,2015-05-04T04:00:00Z,2015-06-23T03:59:00Z,48471,Walker (County)
4223,TX,DR,2015-05-30T03:02:00Z,Severe Storm(s),"Severe Storms, Tornadoes, Straight-Line Winds And Flooding",1,0,1,1,2015-05-04T04:00:00Z,2015-06-23T03:59:00Z,48401,Rusk (County)
4223,TX,DR,2015-05-30T03:02:00Z,Severe Storm(s),"Severe Storms, Tornadoes, Straight-Line Winds And Flooding",1,0,1,1,2015-05-04T04:00:00Z,2015-06-23T03:59:00Z,48497,Wise (County)
4223,TX,DR,2015-05-30T03:02:00Z,Severe Storm(s),"Severe Storms, Tornadoes, Straight-Line Winds And Flooding",1,0,1,1,2015-05-04T04:00:00Z,2015-06-23T03:59:00Z,48181,Grayson (County)
4223,TX,DR,2015-05-30T03:02:00Z,Severe Storm(s),"Severe Storms, Tornadoes, Straight-Line Winds And Flooding",1,0,1,1,2015-05-04T04:00:00Z,2015-06-23T03:59:00Z,48423,Smith (County)
4223,TX,DR,2015-05-30T03:02:00Z,Severe Storm(s),"Severe Storms, Tornadoes, Straight-Line Winds And Flooding",1,0,1,1,2015-05-04T04:00:00Z,2015-06-23T03:59:00Z,48149,Fayette (County)
4223,TX,DR,2015-05-30T03:02:00Z,Severe Storm(s),"Severe Storms, Tornadoes, Straight-Line Winds And Flooding",1,0,1,1,2015-05-04T04:00:00Z,2015-06-23T03:59:00Z,48165,Gaines (County)
4223,TX,DR,2015-05-30T03:02:00Z,Severe Storm(s),"Severe Storms, Tornadoes, Straight-Line Winds And Flooding",1,0,1,1,2015-05-04T04:00:00Z,2015-06-23T03:59:00Z,48209,Hays (County)
4223,TX,DR,2015-05-30T03:02:00Z,Severe Storm(s),"Severe Storms, Tornadoes, Straight-Line Winds And Flooding",1,0,1,1,2015-05-04T04:00:00Z,2015-06-23T03:59:00Z,48221,Hood (County)
4223,TX,DR,2015-05-30T03:02:00Z,Severe Storm(s),"Severe Storms, Tornadoes, Straight-Line Winds And Flooding",1,0,1,1,2015-05-04T04:00:00Z,2015-06-23T03:59:00Z,48251,Johnson (County)
4223,TX,DR,2015-05-30T03:02:00Z,Severe Storm(s),"Severe Storms, Tornadoes, Straight-Line Winds And Flooding",1,0,1,1,2015-05-04T04:00:00Z,2015-06-23T03:59:00Z,48331,Milam (County)
4223,TX,DR,2015-05-30T03:02:00Z,Severe Storm(s),"Severe Storms, Tornadoes, Straight-Line Winds And Flooding",0,0,1,1,2015-05-04T04:00:00Z,2015-06-23T03:59:00Z,48493,Wilson (County)
4223,TX,DR,2015-05-30T03:02:00Z,Severe Storm(s),"Severe Storms, Tornadoes, Straight-Line Winds And Flooding",1,0,1,1,2015-05-04T04:00:00Z,2015-06-23T03:59:00Z,48485,Wichita (County)
4223,TX,DR,2015-05-30T03:02:00Z,Severe Storm(s),"Severe Storms, Tornadoes, Straight-Line Winds And Flooding",1,0,1,1,2015-05-04T04:00:00Z,2015-06-23T03:59:00Z,48467,Van Zandt (County)
4223,TX,DR,2015-05-30T03:02:00Z,Severe Storm(s),"Severe Storms, Tornadoes, Straight-Line Winds And Flooding",1,0,1,1,2015-05-04T04:00:00Z,2015-06-23T03:59:00Z,48491,Williamson (County)
5089,CA,FM,2015-07-18T03:56:00Z,Fire,North Fire,0,0,1,1,2015-07-17T04:00:00Z,2015-07-22T03:59:00Z,06071,San Bernardino (County)
5091,CA,FM,2015-07-23T11:15:00Z,Fire,Wragg Fire,0,0,1,1,2015-07-22T04:00:00Z,2015-08-03T03:59:00Z,06113,Yolo (County)
5091,CA,FM,2015-07-23T11:15:00Z,Fire,Wragg Fire,0,0,1,1,2015-07-22T04:00:00Z,2015-08-03T03:59:00Z,06095,Solano (County)
5091,CA,FM,2015-07-23T11:15:00Z,Fire,Wragg Fire,0,0,1,1,2015-07-22T04:00:00Z,2015-08-03T03:59:00Z,06055,Napa (County)
5093,CA,FM,2015-08-02T07:46:00Z,Fire,Rocky Fire,0,0,1,1,2015-07-29T16:00:00Z,2015-08-16T03:59:00Z,06033,Lake (County)
5111,CA,FM,2015-09-10T23:18:00Z,Fire,Butte Fire,0,0,1,1,2015-09-09T16:00:00Z,2015-10-03T03:59:00Z,06009,Calaveras (County)
5111,CA,FM,2015-09-10T23:18:00Z,Fire,Butte Fire,0,0,1,1,2015-09-09T16:00:00Z,2015-10-03T03:59:00Z,06005,Amador (County)
5112,CA,FM,2015-09-13T04:30:00Z,Fire,Valley Fire,0,0,1,1,2015-09-12T20:21:00Z,2015-10-06T03:59:00Z,06033,Lake (County)
5112,CA,FM,2015-09-13T04:30:00Z,Fire,Valley Fire,0,0,1,1,2015-09-12T20:21:00Z,2015-10-06T03:59:00Z,06097,Sonoma (County)
5112,CA,FM,2015-09-13T04:30:00Z,Fire,Valley Fire,0,0,1,1,2015-09-12T20:21:00Z,2015-10-06T03:59:00Z,06055,Napa (County)
4240,CA,DR,2015-09-22T21:21:00Z,Fire,Valley Fire And Butte Fire,1,0,1,1,2015-09-09T04:00:00Z,2015-10-30T04:00:00Z,06033,Lake (County)
4240,CA,DR,2015-09-22T21:21:00Z,Fire,Valley Fire And Butte Fire,1,0,1,1,2015-09-09T04:00:00Z,2015-10-30T04:00:00Z,06009,Calaveras (County)
5116,TX,FM,2015-10-15T00:49:00Z,Fire,Hidden Pines Fire,0,0,1,1,2015-10-13T04:00:00Z,2015-10-29T03:59:00Z,48021,Bastrop (County)
4245,TX,DR,2015-11-25T16:00:00Z,Severe Storm(s),"Severe Storms, Tornadoes, Straight-Line Winds, And Flooding",0,0,1,1,2015-10-22T04:00:00Z,2015-10-31T04:00:00Z,48471,Walker (County)
4245,TX,DR,2015-11-25T16:00:00Z,Severe Storm(s),"Severe Storms, Tornadoes, Straight-Line Winds, And Flooding",0,0,1,1,2015-10-22T04:00:00Z,2015-10-31T04:00:00Z,48351,Newton (County)
4245,TX,DR,2015-11-25T16:00:00Z,Severe Storm(s),"Severe Storms, Tornadoes, Straight-Line Winds, And Flooding",1,0,0,1,2015-10-22T04:00:00Z,2015-10-31T04:00:00Z,48039,Brazoria (County)
4245,TX,DR,2015-11-25T16:00:00Z,Severe Storm(s),"Severe Storms, Tornadoes, Straight-Line Winds, And Flooding",1,0,1,1,2015-10-22T04:00:00Z,2015-10-31T04:00:00Z,48187,Guadalupe (County)
4245,TX,DR,2015-11-25T16:00:00Z,Severe Storm(s),"Severe Storms, Tornadoes, Straight-Line Winds, And Flooding",1,0,1,1,2015-10-22T04:00:00Z,2015-10-31T04:00:00Z,48215,Hidalgo (County)
4245,TX,DR,2015-11-25T16:00:00Z,Severe Storm(s),"Severe Storms, Tornadoes, Straight-Line Winds, And Flooding",1,0,1,1,2015-10-22T04:00:00Z,2015-10-31T04:00:00Z,48291,Liberty (County)
4245,TX,DR,2015-11-25T16:00:00Z,Severe Storm(s),"Severe Storms, Tornadoes, Straight-Line Winds, And Flooding",0,0,1,1,2015-10-22T04:00:00Z,2015-10-31T04:00:00Z,48035,Bosque (County)
4245,TX,DR,2015-11-25T16:00:00Z,Severe Storm(s),"Severe Storms, Tornadoes, Straight-Line Winds, And Flooding",0,0,1,1,2015-10-22T04:00:00Z,2015-10-31T04:00:00Z,48241,Jasper (County)
4245,TX,DR,2015-11-25T16:00:00Z,Severe Storm(s),"Severe Storms, Tornadoes, Straight-Line Winds, And Flooding",1,0,1,1,2015-10-22T04:00:00Z,2015-10-31T04:00:00Z,48453,Travis (County)
4245,TX,DR,2015-11-25T16:00:00Z,Severe Storm(s),"Severe Storms, Tornadoes, Straight-Line Winds, And Flooding",1,0,0,1,2015-10-22T04:00:00Z,2015-10-31T04:00:00Z,48199,Hardin (County)
4245,TX,DR,2015-11-25T16:00:00Z,Severe Storm(s),"Severe Storms, Tornadoes, Straight-Line Winds, And Flooding",1,0,0,1,2015-10-22T04:00:00Z,2015-10-31T04:00:00Z,48167,Galveston (County)
4245,TX,DR,2015-11-25T16:00:00Z,Severe Storm(s),"Severe Storms, Tornadoes, Straight-Line Winds, And Flooding",0,0,1,0,2015-10-22T04:00:00Z,2015-10-31T04:00:00Z,48423,Smith (County)
4245,TX,DR,2015-11-25T16:00:00Z,Severe Storm(s),"Severe Storms, Tornadoes, Straight-Line Winds, And Flooding",1,0,1,1,2015-10-22T04:00:00Z,2015-10-31T04:00:00Z,48021,Bastrop (County)
4245,TX,DR,2015-11-25T16:00:00Z,Severe Storm(s),"Severe Storms, Tornadoes, Straight-Line Winds, And Flooding",1,0,0,1,2015-10-22T04:00:00Z,2015-10-31T04:00:00Z,48201,Harris (County)
4245,TX,DR,2015-11-25T16:00:00Z,Severe Storm(s),"Severe Storms, Tornadoes, Straight-Line Winds, And Flooding",1,0,1,1,2015-10-22T04:00:00Z,2015-10-31T04:00:00Z,48489,Willacy (County)
4245,TX,DR,2015-11-25T16:00:00Z,Severe Storm(s),"Severe Storms, Tornadoes, Straight-Line Winds, And Flooding",1,0,1,1,2015-10-22T04:00:00Z,2015-10-31T04:00:00Z,48493,Wilson (County)
4245,TX,DR,2015-11-25T16:00:00Z,Severe Storm(s),"Severe Storms, Tornadoes, Straight-Line Winds, And Flooding",0,0,1,1,2015-10-22T04:00:00Z,2015-10-31T04:00:00Z,48217,Hill (County)
4245,TX,DR,2015-11-25T16:00:00Z,Severe Storm(s),"Severe Storms, Tornadoes, Straight-Line Winds, And Flooding",1,0,1,1,2015-10-22T04:00:00Z,2015-10-31T04:00:00Z,48209,Hays (County)
4245,TX,DR,2015-11-25T16:00:00Z,Severe Storm(s),"Severe Storms, Tornadoes, Straight-Line Winds, And Flooding",1,0,1,1,2015-10-22T04:00:00Z,2015-10-31T04:00:00Z,48091,Comal (County)
4245,TX,DR,2015-11-25T16:00:00Z,Severe Storm(s),"Severe Storms, Tornadoes, Straight-Line Winds, And Flooding",1,0,1,1,2015-10-22T04:00:00Z,2015-10-31T04:00:00Z,48055,Caldwell (County)
4245,TX,DR,2015-11-25T16:00:00Z,Severe Storm(s),"Severe Storms, Tornadoes, Straight-Line Winds, And Flooding",1,0,0,1,2015-10-22T04:00:00Z,2015-10-31T04:00:00Z,48061,Cameron (County)
4245,TX,DR,2015-11-25T16:00:00Z,Severe Storm(s),"Severe Storms, Tornadoes, Straight-Line Winds, And Flooding",1,0,1,1,2015-10-22T04:00:00Z,2015-10-31T04:00:00Z,48349,Navarro (County)
4255,TX,DR,2016-02-09T15:45:00Z,Severe Storm(s),"Severe Winter Storms, Tornadoes, Straight-Line Winds, And Flooding",0,0,1,1,2015-12-26T05:00:00Z,2016-01-22T04:59:00Z,48203,Harrison (County)
4255,TX,DR,2016-02-09T15:45:00Z,Severe Storm(s),"Severe Winter Storms, Tornadoes, Straight-Line Winds, And Flooding",0,0,1,1,2015-12-26T05:00:00Z,2016-01-22T04:59:00Z,48153,Floyd (County)
4255,TX,DR,2016-02-09T15:45:00Z,Severe Storm(s),"Severe Winter Storms, Tornadoes, Straight-Line Winds, And Flooding",0,0,1,1,2015-12-26T05:00:00Z,2016-01-22T04:59:00Z,48345,Motley (County)
4255,TX,DR,2016-02-09T15:45:00Z,Severe Storm(s),"Severe Winter Storms, Tornadoes, Straight-Line Winds, And Flooding",0,0,1,1,2015-12-26T05:00:00Z,2016-01-22T04:59:00Z,48107,Crosby (County)
4255,TX,DR,2016-02-09T15:45:00Z,Severe Storm(s),"Severe Winter Storms, Tornadoes, Straight-Line Winds, And Flooding",0,0,1,1,2015-12-26T05:00:00Z,2016-01-22T04:59:00Z,48349,Navarro (County)
4255,TX,DR,2016-02-09T15:45:00Z,Severe Storm(s),"Severe Winter Storms, Tornadoes, Straight-Line Winds, And Flooding",0,0,1,1,2015-12-26T05:00:00Z,2016-01-22T04:59:00Z,48289,Leon (County)
4255,TX,DR,2016-02-09T15:45:00Z,Severe Storm(s),"Severe Winter Storms, Tornadoes, Straight-Line Winds, And Flooding",0,0,1,1,2015-12-26T05:00:00Z,2016-01-22T04:59:00Z,48117,Deaf Smith (County)
4255,TX,DR,2016-02-09T15:45:00Z,Severe Storm(s),"Severe Winter Storms, Tornadoes, Straight-Line Winds, And Flooding",0,0,1,1,2015-12-26T05:00:00Z,2016-01-22T04:59:00Z,48303,Lubbock (County)
4255,TX,DR,2016-02-09T15:45:00Z,Severe Storm(s),"Severe Winter Storms, Tornadoes, Straight-Line Winds, And Flooding",0,0,1,1,2015-12-26T05:00:00Z,2016-01-22T04:59:00Z,48087,Collingsworth (County)
4255,TX,DR,2016-02-09T15:45:00Z,Severe Storm(s),"Severe Winter Storms, Tornadoes, Straight-Line Winds, And Flooding",0,0,1,1,2015-12-26T05:00:00Z,2016-01-22T04:59:00Z,48415,Scurry (County)
4255,TX,DR,2016-02-09T15:45:00Z,Severe Storm(s),"Severe Winter Storms, Tornadoes, Straight-Line Winds, And Flooding",0,0,1,1,2015-12-26T05:00:00Z,2016-01-22T04:59:00Z,48113,Dallas (County)
4255,TX,DR,2016-02-09T15:45:00Z,Severe Storm(s),"Severe Winter Storms, Tornadoes, Straight-Line Winds, And Flooding",0,0,1,1,2015-12-26T05:00:00Z,2016-01-22T04:59:00Z,48483,Wheeler (County)
4255,TX,DR,2016-02-09T15:45:00Z,Severe Storm(s),"Severe Winter Storms, Tornadoes, Straight-Line Winds, And Flooding",0,0,1,1,2015-12-26T05:00:00Z,2016-01-22T04:59:00Z,48207,Haskell (County)
4255,TX,DR,2016-02-09T15:45:00Z,Severe Storm(s),"Severe Winter Storms, Tornadoes, Straight-Line Winds, And Flooding",0,0,1,1,2015-12-26T05:00:00Z,2016-01-22T04:59:00Z,48191,Hall (County)
4255,TX,DR,2016-02-09T15:45:00Z,Severe Storm(s),"Severe Winter Storms, Tornadoes, Straight-Line Winds, And Flooding",0,0,1,1,2015-12-26T05:00:00Z,2016-01-22T04:59:00Z,48101,Cottle (County)
4255,TX,DR,2016-02-09T15:45:00Z,Severe Storm(s),"Severe Winter Storms, Tornadoes, Straight-Line Winds, And Flooding",0,0,1,1,2015-12-26T05:00:00Z,2016-01-22T04:59:00Z,48219,Hockley (County)
4255,TX,DR,2016-02-09T15:45:00Z,Severe Storm(s),"Severe Winter Storms, Tornadoes, Straight-Line Winds, And Flooding",0,0,1,1,2015-12-26T05:00:00Z,2016-01-22T04:59:00Z,48263,Kent (County)
4255,TX,DR,2016-02-09T15:45:00Z,Severe Storm(s),"Severe Winter Storms, Tornadoes, Straight-Line Winds, And Flooding",0,0,1,1,2015-12-26T05:00:00Z,2016-01-22T04:59:00Z,48253,Jones (County)
4255,TX,DR,2016-02-09T15:45:00Z,Severe Storm(s),"Severe Winter Storms, Tornadoes, Straight-Line Winds, And Flooding",0,0,1,1,2015-12-26T05:00:00Z,2016-01-22T04:59:00Z,48397,Rockwall (County)
4255,TX,DR,2016-02-09T15:45:00Z,Severe Storm(s),"Severe Winter Storms, Tornadoes, Straight-Line Winds, And Flooding",0,0,1,1,2015-12-26T05:00:00Z,2016-01-22T04:59:00Z,48269,King (County)
4255,TX,DR,2016-02-09T15:45:00Z,Severe Storm(s),"Severe Winter Storms, Tornadoes, Straight-Line Winds, And Flooding",0,0,1,1,2015-12-26T05:00:00Z,2016-01-22T04:59:00Z,48467,Van Zandt (County)
4255,TX,DR,2016-02-09T15:45:00Z,Severe Storm(s),"Severe Winter Storms, Tornadoes, Straight-Line Winds, And Flooding",0,0,1,1,2015-12-26T05:00:00Z,2016-01-22T04:59:00Z,48433,Stonewall (County)
4255,TX,DR,2016-02-09T15:45:00Z,Severe Storm(s),"Severe Winter Storms, Tornadoes, Straight-Line Winds, And Flooding",0,0,1,1,2015-12-26T05:00:00Z,2016-01-22T04:59:00Z,48151,Fisher (County)
4255,TX,DR,2016-02-09T15:45:00Z,Severe Storm(s),"Severe Winter Storms, Tornadoes, Straight-Line Winds, And Flooding",0,0,1,1,2015-12-26T05:00:00Z,2016-01-22T04:59:00Z,48079,Cochran (County)
4255,TX,DR,2016-02-09T15:45:00Z,Severe Storm(s),"Severe Winter Storms, Tornadoes, Straight-Line Winds, And Flooding",0,0,1,1,2015-12-26T05:00:00Z,2016-01-22T04:59:00Z,48223,Hopkins (County)
4255,TX,DR,2016-02-09T15:45:00Z,Severe Storm(s),"Severe Winter Storms, Tornadoes, Straight-Line Winds, And Flooding",0,0,1,1,2015-12-26T05:00:00Z,2016-01-22T04:59:00Z,48069,Castro (County)
4255,TX,DR,2016-02-09T15:45:00Z,Severe Storm(s),"Severe Winter Storms, Tornadoes, Straight-Line Winds, And Flooding",0,0,1,1,2015-12-26T05:00:00Z,2016-01-22T04:59:00Z,48125,Dickens (County)
4255,TX,DR,2016-02-09T15:45:00Z,Severe Storm(s),"Severe Winter Storms, Tornadoes, Straight-Line Winds, And Flooding",0,0,1,1,2015-12-26T05:00:00Z,2016-01-22T04:59:00Z,48449,Titus (County)
4255,TX,DR,2016-02-09T15:45:00Z,Severe Storm(s),"Severe Winter Storms, Tornadoes, Straight-Line Winds, And Flooding",0,0,1,1,2015-12-26T05:00:00Z,2016-01-22T04:59:00Z,48067,Cass (County)
4255,TX,DR,2016-02-09T15:45:00Z,Severe Storm(s),"Severe Winter Storms, Tornadoes, Straight-Line Winds, And Flooding",0,0,1,1,2015-12-26T05:00:00Z,2016-01-22T04:59:00Z,48213,Henderson (County)
4255,TX,DR,2016-02-09T15:45:00Z,Severe Storm(s),"Severe Winter Storms, Tornadoes, Straight-Line Winds, And Flooding",0,0,1,1,2015-12-26T05:00:00Z,2016-01-22T04:59:00Z,48159,Franklin (County)
4255,TX,DR,2016-02-09T15:45:00Z,Severe Storm(s),"Severe Winter Storms, Tornadoes, Straight-Line Winds, And Flooding",0,0,1,1,2015-12-26T05:00:00Z,2016-01-22T04:59:00Z,48119,Delta (County)
4255,TX,DR,2016-02-09T15:45:00Z,Severe Storm(s),"Severe Winter Storms, Tornadoes, Straight-Line Winds, And Flooding",0,0,1,1,2015-12-26T05:00:00Z,2016-01-22T04:59:00Z,48017,Bailey (County)
4255,TX,DR,2016-02-09T15:45:00Z,Severe Storm(s),"Severe Winter Storms, Tornadoes, Straight-Line Winds, And Flooding",0,0,1,1,2015-12-26T05:00:00Z,2016-01-22T04:59:00Z,48275,Knox (County)
4255,TX,DR,2016-02-09T15:45:00Z,Severe Storm(s),"Severe Winter Storms, Tornadoes, Straight-Line Winds, And Flooding",0,0,1,1,2015-12-26T05:00:00Z,2016-01-22T04:59:00Z,48129,Donley (County)
4255,TX,DR,2016-02-09T15:45:00Z,Severe Storm(s),"Severe Winter Storms, Tornadoes, Straight-Line Winds, And Flooding",0,0,1,1,2015-12-26T05:00:00Z,2016-01-22T04:59:00Z,48471,Walker (County)
4255,TX,DR,2016-02-09T15:45:00Z,Severe Storm(s),"Severe Winter Storms, Tornadoes, Straight-Line Winds, And Flooding",0,0,1,1,2015-12-26T05:00:00Z,2016-01-22T04:59:00Z,48197,Hardeman (County)
4255,TX,DR,2016-02-09T15:45:00Z,Severe Storm(s),"Severe Winter Storms, Tornadoes, Straight-Line Winds, And Flooding",0,0,1,1,2015-12-26T05:00:00Z,2016-01-22T04:59:00Z,48155,Foard (County)
4255,TX,DR,2016-02-09T15:45:00Z,Severe Storm(s),"Severe Winter Storms, Tornadoes, Straight-Line Winds, And Flooding",0,0,1,1,2015-12-26T05:00:00Z,2016-01-22T04:59:00Z,48257,Kaufman (County)
4255,TX,DR,2016-02-09T15:45:00Z,Severe Storm(s),"Severe Winter Storms, Tornadoes, Straight-Line Winds, And Flooding",0,0,1,1,2015-12-26T05:00:00Z,2016-01-22T04:59:00Z,48033,Borden (County)
4255,TX,DR,2016-02-09T15:45:00Z,Severe Storm(s),"Severe Winter Storms, Tornadoes, Straight-Line Winds, And Flooding",0,0,1,1,2015-12-26T05:00:00Z,2016-01-22T04:59:00Z,48445,Terry (County)
4255,TX,DR,2016-02-09T15:45:00Z,Severe Storm(s),"Severe Winter Storms, Tornadoes, Straight-Line Winds, And Flooding",0,0,1,1,2015-12-26T05:00:00Z,2016-01-22T04:59:00Z,48075,Childress (County)
4255,TX,DR,2016-02-09T15:45:00Z,Severe Storm(s),"Severe Winter Storms, Tornadoes, Straight-Line Winds, And Flooding",0,0,1,1,2015-12-26T05:00:00Z,2016-01-22T04:59:00Z,48369,Parmer (County)
4255,TX,DR,2016-02-09T15:45:00Z,Severe Storm(s),"Severe Winter Storms, Tornadoes, Straight-Line Winds, And Flooding",0,0,1,1,2015-12-26T05:00:00Z,2016-01-22T04:59:00Z,48139,Ellis (County)
4255,TX,DR,2016-02-09T15:45:00Z,Severe Storm(s),"Severe Winter Storms, Tornadoes, Straight-Line Winds, And Flooding",0,0,1,1,2015-12-26T05:00:00Z,2016-01-22T04:59:00Z,48417,Shackelford (County)
4255,TX,DR,2016-02-09T15:45:00Z,Severe Storm(s),"Severe Winter Storms, Tornadoes, Straight-Line Winds, And Flooding",0,0,1,1,2015-12-26T05:00:00Z,2016-01-22T04:59:00Z,48279,Lamb (County)
4255,TX,DR,2016-02-09T15:45:00Z,Severe Storm(s),"Severe Winter Storms, Tornadoes, Straight-Line Winds, And Flooding",0,0,1,1,2015-12-26T05:00:00Z,2016-01-22T04:59:00Z,48487,Wilbarger (County)
4255,TX,DR,2016-02-09T15:45:00Z,Severe Storm(s),"Severe Winter Storms, Tornadoes, Straight-Line Winds, And Flooding",0,0,1,1,2015-12-26T05:00:00Z,2016-01-22T04:59:00Z,48387,Red River (County)
4255,TX,DR,2016-02-09T15:45:00Z,Severe Storm(s),"Severe Winter Storms, Tornadoes, Straight-Line Winds, And Flooding",0,0,1,1,2015-12-26T05:00:00Z,2016-01-22T04:59:00Z,48379,Rains (County)
4255,TX,DR,2016-02-09T15:45:00Z,Severe Storm(s),"Severe Winter Storms, Tornadoes, Straight-Line Winds, And Flooding",0,0,1,1,2015-12-26T05:00:00Z,2016-01-22T04:59:00Z,48353,Nolan (County)
4255,TX,DR,2016-02-09T15:45:00Z,Severe Storm(s),"Severe Winter Storms, Tornadoes, Straight-Line Winds, And Flooding",0,0,1,1,2015-12-26T05:00:00Z,2016-01-22T04:59:00Z,48455,Trinity (County)
4266,TX,DR,2016-03-19T21:35:00Z,Flood,"Severe Storms, Tornadoes, And Flooding",1,0,1,1,2016-03-07T05:00:00Z,2016-03-30T03:59:00Z,48367,Parker (County)
4266,TX,DR,2016-03-19T21:35:00Z,Flood,"Severe Storms, Tornadoes, And Flooding",0,0,1,1,2016-03-07T05:00:00Z,2016-03-30T03:59:00Z,48387,Red River (County)
4266,TX,DR,2016-03-19T21:35:00Z,Flood,"Severe Storms, Tornadoes, And Flooding",1,0,1,1,2016-03-07T05:00:00Z,2016-03-30T03:59:00Z,48143,Erath (County)
4266,TX,DR,2016-03-19T21:35:00Z,Flood,"Severe Storms, Tornadoes, And Flooding",0,0,1,1,2016-03-07T05:00:00Z,2016-03-30T03:59:00Z,48277,Lamar (County)
4266,TX,DR,2016-03-19T21:35:00Z,Flood,"Severe Storms, Tornadoes, And Flooding",0,0,1,1,2016-03-07T05:00:00Z,2016-03-30T03:59:00Z,48005,Angelina (County)
4266,TX,DR,2016-03-19T21:35:00Z,Flood,"Severe Storms, Tornadoes, And Flooding",1,0,1,1,2016-03-07T05:00:00Z,2016-03-30T03:59:00Z,48457,Tyler (County)
4266,TX,DR,2016-03-19T21:35:00Z,Flood,"Severe Storms, Tornadoes, And Flooding",1,0,1,1,2016-03-07T05:00:00Z,2016-03-30T03:59:00Z,48183,Gregg (County)
4266,TX,DR,2016-03-19T21:35:00Z,Flood,"Severe Storms, Tornadoes, And Flooding",1,0,1,1,2016-03-07T05:00:00Z,2016-03-30T03:59:00Z,48361,Orange (County)
4266,TX,DR,2016-03-19T21:35:00Z,Flood,"Severe Storms, Tornadoes, And Flooding",0,0,1,1,2016-03-07T05:00:00Z,2016-03-30T03:59:00Z,48471,Walker (County)
4266,TX,DR,2016-03-19T21:35:00Z,Flood,"Severe Storms, Tornadoes, And Flooding",1,0,1,1,2016-03-07T05:00:00Z,2016-03-30T03:59:00Z,48351,Newton (County)
4266,TX,DR,2016-03-19T21:35:00Z,Flood,"Severe Storms, Tornadoes, And Flooding",1,0,1,1,2016-03-07T05:00:00Z,2016-03-30T03:59:00Z,48293,Limestone (County)
4266,TX,DR,2016-03-19T21:35:00Z,Flood,"Severe Storms, Tornadoes, And Flooding",0,0,1,1,2016-03-07T05:00:00Z,2016-03-30T03:59:00Z,48403,Sabine (County)
4266,TX,DR,2016-03-19T21:35:00Z,Flood,"Severe Storms, Tornadoes, And Flooding",1,0,1,1,2016-03-07T05:00:00Z,2016-03-30T03:59:00Z,48241,Jasper (County)
4266,TX,DR,2016-03-19T21:35:00Z,Flood,"Severe Storms, Tornadoes, And Flooding",1,0,1,1,2016-03-07T05:00:00Z,2016-03-30T03:59:00Z,48213,Henderson (County)
4266,TX,DR,2016-03-19T21:35:00Z,Flood,"Severe Storms, Tornadoes, And Flooding",0,0,1,1,2016-03-07T05:00:00Z,2016-03-30T03:59:00Z,48405,San Augustine (County)
4266,TX,DR,2016-03-19T21:35:00Z,Flood,"Severe Storms, Tornadoes, And Flooding",1,0,1,1,2016-03-07T05:00:00Z,2016-03-30T03:59:00Z,48221,Hood (County)
4266,TX,DR,2016-03-19T21:35:00Z,Flood,"Severe Storms, Tornadoes, And Flooding",0,0,1,1,2016-03-07T05:00:00Z,2016-03-30T03:59:00Z,48067,Cass (County)
4266,TX,DR,2016-03-19T21:35:00Z,Flood,"Severe Storms, Tornadoes, And Flooding",1,0,1,1,2016-03-07T05:00:00Z,2016-03-30T03:59:00Z,48203,Harrison (County)
4266,TX,DR,2016-03-19T21:35:00Z,Flood,"Severe Storms, Tornadoes, And Flooding",1,0,1,1,2016-03-07T05:00:00Z,2016-03-30T03:59:00Z,48315,Marion (County)
4266,TX,DR,2016-03-19T21:35:00Z,Flood,"Severe Storms, Tornadoes, And Flooding",0,0,1,1,2016-03-07T05:00:00Z,2016-03-30T03:59:00Z,48313,Madison (County)
4266,TX,DR,2016-03-19T21:35:00Z,Flood,"Severe Storms, Tornadoes, And Flooding",1,0,1,1,2016-03-07T05:00:00Z,2016-03-30T03:59:00Z,48419,Shelby (County)
4269,TX,DR,2016-04-25T19:46:00Z,Flood,Severe Storms And Flooding,0,0,1,1,2016-04-17T04:00:00Z,2016-05-01T03:59:00Z,48035,Bosque (County)
4269,TX,DR,2016-04-25T19:46:00Z,Flood,Severe Storms And Flooding,1,0,1,1,2016-04-17T04:00:00Z,2016-05-01T03:59:00Z,48073,Cherokee (County)
4269,TX,DR,2016-04-25T19:46:00Z,Flood,Severe Storms And Flooding,1,0,1,1,2016-04-17T04:00:00Z,2016-05-01T03:59:00Z,48089,Colorado (County)
4269,TX,DR,2016-04-25T19:46:00Z,Flood,Severe Storms And Flooding,1,0,1,1,2016-04-17T04:00:00Z,2016-05-01T03:59:00Z,48001,Anderson (County)
4269,TX,DR,2016-04-25T19:46:00Z,Flood,Severe Storms And Flooding,1,0,1,1,2016-04-17T04:00:00Z,2016-05-01T03:59:00Z,48157,Fort Bend (County)
4269,TX,DR,2016-04-25T19:46:00Z,Flood,Severe Storms And Flooding,0,0,1,1,2016-04-17T04:00:00Z,2016-05-01T03:59:00Z,48099,Coryell (County)
4269,TX,DR,2016-04-25T19:46:00Z,Flood,Severe Storms And Flooding,0,0,1,1,2016-04-17T04:00:00Z,2016-05-01T03:59:00Z,48059,Callahan (County)
4269,TX,DR,2016-04-25T19:46:00Z,Flood,Severe Storms And Flooding,0,0,1,1,2016-04-17T04:00:00Z,2016-05-01T03:59:00Z,48459,Upshur (County)
4269,TX,DR,2016-04-25T19:46:00Z,Flood,Severe Storms And Flooding,0,0,1,1,2016-04-17T04:00:00Z,2016-05-01T03:59:00Z,48477,Washington (County)
4269,TX,DR,2016-04-25T19:46:00Z,Flood,Severe Storms And Flooding,0,0,1,1,2016-04-17T04:00:00Z,2016-05-01T03:59:00Z,48467,Van Zandt (County)
4269,TX,DR,2016-04-25T19:46:00Z,Flood,Severe Storms And Flooding,1,0,1,1,2016-04-17T04:00:00Z,2016-05-01T03:59:00Z,48339,Montgomery (County)
4269,TX,DR,2016-04-25T19:46:00Z,Flood,Severe Storms And Flooding,1,0,1,1,2016-04-17T04:00:00Z,2016-05-01T03:59:00Z,48473,Waller (County)
4269,TX,DR,2016-04-25T19:46:00Z,Flood,Severe Storms And Flooding,0,0,1,1,2016-04-17T04:00:00Z,2016-05-01T03:59:00Z,48021,Bastrop (County)
4269,TX,DR,2016-04-25T19:46:00Z,Flood,Severe Storms And Flooding,0,0,1,1,2016-04-17T04:00:00Z,2016-05-01T03:59:00Z,48331,Milam (County)
4269,TX,DR,2016-04-25T19:46:00Z,Flood,Severe Storms And Flooding,1,0,1,1,2016-04-17T04:00:00Z,2016-05-01T03:59:00Z,48015,Austin (County)
4269,TX,DR,2016-04-25T19:46:00Z,Flood,Severe Storms And Flooding,0,0,1,1,2016-04-17T04:00:00Z,2016-05-01T03:59:00Z,48067,Cass (County)
4269,TX,DR,2016-04-25T19:46:00Z,Flood,Severe Storms And Flooding,1,0,1,1,2016-04-17T04:00:00Z,2016-05-01T03:59:00Z,48481,Wharton (County)
4269,TX,DR,2016-04-25T19:46:00Z,Flood,Severe Storms And Flooding,1,0,1,1,2016-04-17T04:00:00Z,2016-05-01T03:59:00Z,48423,Smith (County)
4269,TX,DR,2016-04-25T19:46:00Z,Flood,Severe Storms And Flooding,1,0,1,1,2016-04-17T04:00:00Z,2016-05-01T03:59:00Z,48185,Grimes (County)
4269,TX,DR,2016-04-25T19:46:00Z,Flood,Severe Storms And Flooding,1,0,1,1,2016-04-17T04:00:00Z,2016-05-01T03:59:00Z,48407,San Jacinto (County)
4269,TX,DR,2016-04-25T19:46:00Z,Flood,Severe Storms And Flooding,1,0,1,1,2016-04-17T04:00:00Z,2016-05-01T03:59:00Z,48149,Fayette (County)
4269,TX,DR,2016-04-25T19:46:00Z,Flood,Severe Storms And Flooding,0,0,1,1,2016-04-17T04:00:00Z,2016-05-01T03:59:00Z,48203,Harrison (County)
4269,TX,DR,2016-04-25T19:46:00Z,Flood,Severe Storms And Flooding,1,0,1,1,2016-04-17T04:00:00Z,2016-05-01T03:59:00Z,48499,Wood (County)
4269,TX,DR,2016-04-25T19:46:00Z,Flood,Severe Storms And Flooding,1,0,1,1,2016-04-17T04:00:00Z,2016-05-01T03:59:00Z,48201,Harris (County)
4269,TX,DR,2016-04-25T19:46:00Z,Flood,Severe Storms And Flooding,1,0,1,1,2016-04-17T04:00:00Z,2016-05-01T03:59:00Z,48291,Liberty (County)
4269,TX,DR,2016-04-25T19:46:00Z,Flood,Severe Storms And Flooding,0,0,1,1,2016-04-17T04:00:00Z,2016-05-01T03:59:00Z,48253,Jones (County)
4269,TX,DR,2016-04-25T19:46:00Z,Flood,Severe Storms And Flooding,1,0,0,1,2016-04-17T04:00:00Z,2016-05-01T03:59:00Z,48367,Parker (County)
4272,TX,DR,2016-06-11T17:23:00Z,Flood,Severe Storms And Flooding,1,0,1,1,2016-05-22T04:00:00Z,2016-06-25T03:59:00Z,48015,Austin (County)
4272,TX,DR,2016-06-11T17:23:00Z,Flood,Severe Storms And Flooding,1,0,0,1,2016-05-22T04:00:00Z,2016-06-25T03:59:00Z,48367,Parker (County)
4272,TX,DR,2016-06-11T17:23:00Z,Flood,Severe Storms And Flooding,1,0,1,1,2016-05-22T04:00:00Z,2016-06-25T03:59:00Z,48185,Grimes (County)
4272,TX,DR,2016-06-11T17:23:00Z,Flood,Severe Storms And Flooding,1,0,0,1,2016-05-22T04:00:00Z,2016-06-25T03:59:00Z,48201,Harris (County)
4272,TX,DR,2016-06-11T17:23:00Z,Flood,Severe Storms And Flooding,0,0,1,1,2016-05-22T04:00:00Z,2016-06-25T03:59:00Z,48455,Trinity (County)
4272,TX,DR,2016-06-11T17:23:00Z,Flood,Severe Storms And Flooding,0,0,1,1,2016-05-22T04:00:00Z,2016-06-25T03:59:00Z,48471,Walker (County)
4272,TX,DR,2016-06-11T17:23:00Z,Flood,Severe Storms And Flooding,0,0,1,1,2016-05-22T04:00:00Z,2016-06-25T03:59:00Z,48373,Polk (County)
4272,TX,DR,2016-06-11T17:23:00Z,Flood,Severe Storms And Flooding,0,0,1,0,2016-05-22T04:00:00Z,2016-06-25T03:59:00Z,48199,Hardin (County)
4272,TX,DR,2016-06-11T17:23:00Z,Flood,Severe Storms And Flooding,0,0,1,1,2016-05-22T04:00:00Z,2016-06-25T03:59:00Z,48241,Jasper (County)
4272,TX,DR,2016-06-11T17:23:00Z,Flood,Severe Storms And Flooding,0,0,1,1,2016-05-22T04:00:00Z,2016-06-25T03:59:00Z,48083,Coleman (County)
4272,TX,DR,2016-06-11T17:23:00Z,Flood,Severe Storms And Flooding,1,0,1,1,2016-05-22T04:00:00Z,2016-06-25T03:59:00Z,48041,Brazos (County)
4272,TX,DR,2016-06-11T17:23:00Z,Flood,Severe Storms And Flooding,1,0,1,1,2016-05-22T04:00:00Z,2016-06-25T03:59:00Z,48051,Burleson (County)
4272,TX,DR,2016-06-11T17:23:00Z,Flood,Severe Storms And Flooding,1,0,1,1,2016-05-22T04:00:00Z,2016-06-25T03:59:00Z,48429,Stephens (County)
4272,TX,DR,2016-06-11T17:23:00Z,Flood,Severe Storms And Flooding,0,0,1,1,2016-05-22T04:00:00Z,2016-06-25T03:59:00Z,48225,Houston (County)
4272,TX,DR,2016-06-11T17:23:00Z,Flood,Severe Storms And Flooding,0,0,1,1,2016-05-22T04:00:00Z,2016-06-25T03:59:00Z,48425,Somervell (County)
4272,TX,DR,2016-06-11T17:23:00Z,Flood,Severe Storms And Flooding,0,0,1,1,2016-05-22T04:00:00Z,2016-06-25T03:59:00Z,48145,Falls (County)
4272,TX,DR,2016-06-11T17:23:00Z,Flood,Severe Storms And Flooding,0,0,1,0,2016-05-22T04:00:00Z,2016-06-25T03:59:00Z,48349,Navarro (County)
4272,TX,DR,2016-06-11T17:23:00Z,Flood,Severe Storms And Flooding,1,0,1,1,2016-05-22T04:00:00Z,2016-06-25T03:59:00Z,48273,Kleberg (County)
4272,TX,DR,2016-06-11T17:23:00Z,Flood,Severe Storms And Flooding,0,0,1,1,2016-05-22T04:00:00Z,2016-06-25T03:59:00Z,48055,Caldwell (County)
4272,TX,DR,2016-06-11T17:23:00Z,Flood,Severe Storms And Flooding,0,0,1,1,2016-05-22T04:00:00Z,2016-06-25T03:59:00Z,48035,Bosque (County)
4272,TX,DR,2016-06-11T17:23:00Z,Flood,Severe Storms And Flooding,0,0,1,1,2016-05-22T04:00:00Z,2016-06-25T03:59:00Z,48151,Fisher (County)
4272,TX,DR,2016-06-11T17:23:00Z,Flood,Severe Storms And Flooding,1,0,1,1,2016-05-22T04:00:00Z,2016-06-25T03:59:00Z,48133,Eastland (County)
4272,TX,DR,2016-06-11T17:23:00Z,Flood,Severe Storms And Flooding,0,0,1,1,2016-05-22T04:00:00Z,2016-06-25T03:59:00Z,48143,Erath (County)
4272,TX,DR,2016-06-11T17:23:00Z,Flood,Severe Storms And Flooding,1,0,1,1,2016-05-22T04:00:00Z,2016-06-25T03:59:00Z,48457,Tyler (County)
4272,TX,DR,2016-06-11T17:23:00Z,Flood,Severe Storms And Flooding,0,0,1,1,2016-05-22T04:00:00Z,2016-06-25T03:59:00Z,48059,Callahan (County)
4272,TX,DR,2016-06-11T17:23:00Z,Flood,Severe Storms And Flooding,1,0,1,1,2016-05-22T04:00:00Z,2016-06-25T03:59:00Z,48453,Travis (County)
4272,TX,DR,2016-06-11T17:23:00Z,Flood,Severe Storms And Flooding,1,0,1,1,2016-05-22T04:00:00Z,2016-06-25T03:59:00Z,48339,Montgomery (County)
4272,TX,DR,2016-06-11T17:23:00Z,Flood,Severe Storms And Flooding,1,0,1,1,2016-05-22T04:00:00Z,2016-06-25T03:59:00Z,48407,San Jacinto (County)
4272,TX,DR,2016-06-11T17:23:00Z,Flood,Severe Storms And Flooding,0,0,1,1,2016-05-22T04:00:00Z,2016-06-25T03:59:00Z,48019,Bandera (County)
4272,TX,DR,2016-06-11T17:23:00Z,Flood,Severe Storms And Flooding,1,0,1,1,2016-05-22T04:00:00Z,2016-06-25T03:59:00Z,48157,Fort Bend (County)
4272,TX,DR,2016-06-11T17:23:00Z,Flood,Severe Storms And Flooding,1,0,1,1,2016-05-22T04:00:00Z,2016-06-25T03:59:00Z,48149,Fayette (County)
4272,TX,DR,2016-06-11T17:23:00Z,Flood,Severe Storms And Flooding,1,0,1,1,2016-05-22T04:00:00Z,2016-06-25T03:59:00Z,48287,Lee (County)
4272,TX,DR,2016-06-11T17:23:00Z,Flood,Severe Storms And Flooding,1,0,1,1,2016-05-22T04:00:00Z,2016-06-25T03:59:00Z,48215,Hidalgo (County)
4272,TX,DR,2016-06-11T17:23:00Z,Flood,Severe Storms And Flooding,1,0,1,1,2016-05-22T04:00:00Z,2016-06-25T03:59:00Z,48477,Washington (County)
4272,TX,DR,2016-06-11T17:23:00Z,Flood,Severe Storms And Flooding,0,0,1,1,2016-05-22T04:00:00Z,2016-06-25T03:59:00Z,48093,Comanche (County)
4272,TX,DR,2016-06-11T17:23:00Z,Flood,Severe Storms And Flooding,1,0,1,1,2016-05-22T04:00:00Z,2016-06-25T03:59:00Z,48363,Palo Pinto (County)
4272,TX,DR,2016-06-11T17:23:00Z,Flood,Severe Storms And Flooding,0,0,1,1,2016-05-22T04:00:00Z,2016-06-25T03:59:00Z,48313,Madison (County)
4272,TX,DR,2016-06-11T17:23:00Z,Flood,Severe Storms And Flooding,1,0,1,1,2016-05-22T04:00:00Z,2016-06-25T03:59:00Z,48291,Liberty (County)
4272,TX,DR,2016-06-11T17:23:00Z,Flood,Severe Storms And Flooding,1,0,1,1,2016-05-22T04:00:00Z,2016-06-25T03:59:00Z,48473,Waller (County)
4272,TX,DR,2016-06-11T17:23:00Z,Flood,Severe Storms And Flooding,1,0,1,1,2016-05-22T04:00:00Z,2016-06-25T03:59:00Z,48221,Hood (County)
4272,TX,DR,2016-06-11T17:23:00Z,Flood,Severe Storms And Flooding,0,0,1,1,2016-05-22T04:00:00Z,2016-06-25T03:59:00Z,48049,Brown (County)
4272,TX,DR,2016-06-11T17:23:00Z,Flood,Severe Storms And Flooding,0,0,1,0,2016-05-22T04:00:00Z,2016-06-25T03:59:00Z,48447,Throckmorton (County)
4272,TX,DR,2016-06-11T17:23:00Z,Flood,Severe Storms And Flooding,0,0,1,1,2016-05-22T04:00:00Z,2016-06-25T03:59:00Z,48191,Hall (County)
4272,TX,DR,2016-06-11T17:23:00Z,Flood,Severe Storms And Flooding,0,0,1,1,2016-05-22T04:00:00Z,2016-06-25T03:59:00Z,48289,Leon (County)
4272,TX,DR,2016-06-11T17:23:00Z,Flood,Severe Storms And Flooding,1,0,1,1,2016-05-22T04:00:00Z,2016-06-25T03:59:00Z,48021,Bastrop (County)
4272,TX,DR,2016-06-11T17:23:00Z,Flood,Severe Storms And Flooding,1,0,1,1,2016-05-22T04:00:00Z,2016-06-25T03:59:00Z,48039,Brazoria (County)
